PLZ;Kanton;Gemeinden
1000;Waadt;Lausanne
1003;Waadt;Lausanne
1004;Waadt;Lausanne
1005;Waadt;Lausanne
1006;Waadt;Lac Léman (VD)
1007;Waadt;Lausanne
1008;Waadt;Jouxtens-Mézery, Prilly
1009;Waadt;Pully
1010;Waadt;Lausanne
1011;Waadt;Lausanne
1012;Waadt;Lausanne
1015;Waadt;Lac Léman (VD)
1018;Waadt;Lausanne
1020;Waadt;Renens (VD)
1022;Waadt;Chavannes-prčs-Renens
1023;Waadt;Crissier
1024;Waadt;Ecublens (VD)
1025;Waadt;Saint-Sulpice (VD)
1026;Waadt;Denges, Echandens
1027;Waadt;Lonay
1028;Waadt;Préverenges
1029;Waadt;Villars-Sainte-Croix
1030;Waadt;Bussigny
1031;Waadt;Mex (VD)
1032;Waadt;Romanel-sur-Lausanne
1033;Waadt;Cheseaux-sur-Lausanne
1034;Waadt;Boussens
1035;Waadt;Bournens
1036;Waadt;Sullens
1037;Waadt;Etagničres
1038;Waadt;Bercher
1040;Waadt;Echallens, Saint-Barthélemy (VD), Villars-le-Terroir
1041;Waadt;Bottens, Montilliez, Jorat-Menthue, Poliez-Pittet
1042;Waadt;Assens, Bettens, Bioley-Orjulaz
1043;Waadt;Montilliez
1044;Waadt;Fey
1045;Waadt;Ogens
1046;Waadt;Rueyres
1047;Waadt;Oppens
1052;Waadt;Le Mont-sur-Lausanne
1053;Waadt;Bretigny-sur-Morrens, Cugy (VD)
1054;Waadt;Morrens (VD)
1055;Waadt;Froideville
1058;Waadt;Jorat-Menthue
1059;Waadt;Jorat-Menthue
1061;Waadt;Jorat-Menthue
1062;Waadt;Jorat-Menthue
1063;Waadt;Boulens, Montanaire
1066;Waadt;Epalinges
1068;Waadt;Pully
1070;Waadt;Puidoux
1071;Waadt;Chexbres, Rivaz, Saint-Saphorin (Lavaux)
1072;Waadt;Forel (Lavaux)
1073;Waadt;Savigny
1076;Waadt;Jorat-Mézičres
1077;Waadt;Servion
1078;Waadt;Essertes
1080;Waadt;Servion
1081;Waadt;Montpreveyres
1082;Waadt;Corcelles-le-Jorat
1083;Waadt;Jorat-Mézičres
1084;Waadt;Jorat-Mézičres
1085;Waadt;Vulliens
1088;Waadt;Ropraz
1090;Waadt;Lutry
1091;Waadt;Bourg-en-Lavaux
1092;Waadt;Belmont-sur-Lausanne
1093;Waadt;Lutry
1094;Waadt;Paudex
1095;Waadt;Lutry
1096;Waadt;Bourg-en-Lavaux
1097;Waadt;Bourg-en-Lavaux
1098;Waadt;Bourg-en-Lavaux
1110;Waadt;Morges
1112;Waadt;Echichens
1113;Waadt;Echichens
1114;Waadt;Echichens
1115;Waadt;Vullierens
1116;Waadt;Cottens (VD)
1117;Waadt;Grancy
1121;Waadt;Bremblens
1122;Waadt;Romanel-sur-Morges
1123;Waadt;Aclens
1124;Waadt;Gollion
1125;Waadt;Echichens
1126;Waadt;Vaux-sur-Morges
1127;Waadt;Clarmont
1128;Waadt;Reverolle
1131;Waadt;Tolochenaz
1132;Waadt;Lully (VD)
1134;Waadt;Chigny, Vufflens-le-Château
1135;Waadt;Denens
1136;Waadt;Bussy-Chardonney
1141;Waadt;Sévery
1142;Waadt;Pampigny
1143;Waadt;Apples
1144;Waadt;Ballens
1145;Waadt;Bičre
1146;Waadt;Mollens (VD)
1147;Waadt;Montricher
1148;Waadt;Chavannes-le-Veyron, Cuarnens, L'Isle, La Praz, Mauraz, Moiry, Mont-la-Ville
1149;Waadt;Berolle
1162;Waadt;Saint-Prex
1163;Waadt;Etoy
1164;Waadt;Buchillon
1165;Waadt;Allaman
1166;Waadt;Perroy
1167;Waadt;Lussy-sur-Morges
1168;Waadt;Villars-sous-Yens
1169;Waadt;Yens
1170;Waadt;Aubonne
1172;Waadt;Bougy-Villars
1173;Waadt;Féchy
1174;Waadt;Montherod, Aubonne
1175;Waadt;Lavigny
1176;Waadt;Saint-Livres
1180;Waadt;Rolle, Tartegnin
1182;Waadt;Gilly
1183;Waadt;Bursins
1184;Waadt;Luins, Vinzel
1185;Waadt;Mont-sur-Rolle
1186;Waadt;Essertines-sur-Rolle
1187;Waadt;Saint-Oyens
1188;Waadt;Gimel, Saint-George
1189;Waadt;Saubraz
1195;Waadt;Bursinel, Dully
1196;Waadt;Gland
1197;Waadt;Prangins
1201;Genf;Genčve
1202;Genf;Genčve
1203;Genf;Genčve
1204;Genf;Genčve
1205;Genf;Genčve
1206;Genf;Genčve
1207;Genf;Genčve
1208;Genf;Genčve
1209;Genf;Genčve
1212;Genf;Lancy
1213;Genf;Onex, Lancy
1214;Genf;Vernier
1215;Genf;Le Grand-Saconnex
1216;Genf;Meyrin
1217;Genf;Meyrin
1218;Genf;Le Grand-Saconnex
1219;Genf;Vernier
1220;Genf;Vernier
1222;Genf;Collonge-Bellerive
1223;Genf;Cologny
1224;Genf;Chęne-Bougeries, Thônex
1225;Genf;Chęne-Bourg
1226;Genf;Thônex
1227;Genf;Carouge (GE), Genčve
1228;Genf;Plan-les-Ouates
1231;Genf;Chęne-Bougeries
1232;Genf;Confignon
1233;Genf;Bernex
1234;Genf;Veyrier
1236;Genf;Cartigny
1237;Genf;Avully
1239;Genf;Collex-Bossy
1241;Genf;Puplinge
1242;Genf;Satigny
1243;Genf;Presinge
1244;Genf;Choulex
1245;Genf;Collonge-Bellerive
1246;Genf;Corsier (GE)
1247;Genf;Aničres
1248;Genf;Hermance
1251;Genf;Gy
1252;Genf;Meinier
1253;Genf;Vandoeuvres
1254;Genf;Jussy
1255;Genf;Veyrier
1256;Genf;Troinex
1257;Genf;Bardonnex
1258;Genf;Perly-Certoux
1260;Waadt;Nyon
1261;Waadt;Le Vaud, Longirod, Marchissy
1262;Waadt;Eysins
1263;Waadt;Crassier
1264;Waadt;Saint-Cergue
1265;Waadt;Saint-Cergue
1266;Waadt;Duillier
1267;Waadt;Coinsins, Vich
1268;Waadt;Begnins, Burtigny
1269;Waadt;Bassins
1270;Waadt;Trélex
1271;Waadt;Givrins
1272;Waadt;Genolier
1273;Waadt;Arzier-Le Muids
1274;Waadt;Grens, Signy-Avenex
1275;Waadt;Chéserex
1276;Waadt;Gingins
1277;Waadt;Arnex-sur-Nyon, Borex
1278;Waadt;La Rippe
1279;Waadt;Bogis-Bossey, Chavannes-de-Bogis
1281;Genf;Russin
1283;Genf;Dardagny
1284;Genf;Chancy
1285;Genf;Avusy
1286;Genf;Soral
1287;Genf;Laconnex
1288;Genf;Aire-la-Ville
1290;Waadt;Chavannes-des-Bois, Versoix
1291;Waadt;Commugny
1292;Genf;Pregny-Chambésy
1293;Genf;Bellevue
1294;Genf;Genthod
1295;Waadt;Mies, Tannay
1296;Waadt;Coppet
1297;Waadt;Founex
1298;Genf;Céligny
1299;Waadt;Crans-prčs-Céligny
1302;Waadt;Vufflens-la-Ville
1303;Waadt;Penthaz
1304;Waadt;Cossonay, Dizy, Senarclens
1305;Waadt;Penthalaz
1306;Waadt;Daillens
1307;Waadt;Lussery-Villars
1308;Waadt;La Chaux (Cossonay)
1312;Waadt;Eclépens
1313;Waadt;Ferreyres
1315;Waadt;La Sarraz
1316;Waadt;Chevilly
1317;Waadt;Orny
1318;Waadt;Pompaples
1321;Waadt;Arnex-sur-Orbe
1322;Waadt;Croy
1323;Waadt;Romainmôtier-Envy
1324;Waadt;Premier
1325;Waadt;Vaulion
1326;Waadt;Juriens
1329;Waadt;Bretonničres
1337;Waadt;Vallorbe
1338;Waadt;Ballaigues
1341;Waadt;Le Chenit
1342;Waadt;L'Abbaye
1343;Waadt;Le Lieu
1344;Waadt;L'Abbaye
1345;Waadt;Le Lieu
1346;Waadt;L'Abbaye
1347;Waadt;Le Chenit
1348;Waadt;Le Chenit
1350;Waadt;Orbe
1352;Waadt;Agiez
1353;Waadt;Bofflens
1354;Waadt;Montcherand
1355;Waadt;L'Abergement, Sergey
1356;Waadt;Les Clées
1357;Waadt;Lignerolle
1358;Waadt;Valeyres-sous-Rances
1372;Waadt;Bavois
1373;Waadt;Chavornay
1374;Waadt;Corcelles-sur-Chavornay
1375;Waadt;Penthéréaz
1376;Waadt;Goumoëns
1377;Waadt;Oulens-sous-Echallens
1400;Waadt;Cheseaux-Noréaz, Yverdon-les-Bains
1404;Waadt;Cuarny, Villars-Epeney
1405;Waadt;Pomy
1406;Waadt;Cronay
1407;Waadt;Bioley-Magnoux, Donneloye
1408;Waadt;Donneloye
1409;Waadt;Montanaire
1410;Waadt;Montanaire, Prévondavaux
1412;Waadt;Ursins, Valeyres-sous-Ursins
1413;Waadt;Orzens
1415;Waadt;Démoret, Molondin
1416;Waadt;Pailly
1417;Waadt;Essertines-sur-Yverdon
1418;Waadt;Vuarrens
1420;Waadt;Fiez
1421;Waadt;Fontaines-sur-Grandson, Grandevent
1422;Waadt;Grandson
1423;Waadt;Tévenon
1424;Waadt;Champagne
1425;Waadt;Onnens (VD)
1426;Waadt;Concise, Corcelles-prčs-Concise
1427;Waadt;Bonvillars
1428;Waadt;Mutrux, Provence
1429;Waadt;Giez
1430;Waadt;Orges
1431;Waadt;Novalles, Vugelles-La Mothe
1432;Waadt;Belmont-sur-Yverdon, Yverdon-les-Bains
1433;Waadt;Suchy
1434;Waadt;Ependes (VD)
1435;Waadt;Essert-Pittet
1436;Waadt;Chamblon, Treycovagnes
1437;Waadt;Suscévaz
1438;Waadt;Mathod
1439;Waadt;Rances
1441;Waadt;Valeyres-sous-Montagny
1442;Waadt;Montagny-prčs-Yverdon
1443;Waadt;Champvent
1445;Waadt;Vuiteboeuf
1446;Waadt;Baulmes
1450;Waadt;Sainte-Croix
1452;Waadt;Bullet
1453;Waadt;Bullet, Mauborget
1454;Waadt;Sainte-Croix
1462;Waadt;Yvonand
1463;Waadt;Rovray
1464;Waadt;Chavannes-le-Chęne, Chęne-Pâquier
1468;Freiburg;Cheyres
1470;Freiburg;Lully (FR), Estavayer-le-Lac
1473;Freiburg;Châtillon (FR), Estavayer-le-Lac
1474;Freiburg;Châbles
1475;Freiburg;Vernay
1482;Freiburg;Cugy (FR)
1483;Freiburg;Les Montets, Cugy (FR)
1484;Freiburg;Les Montets
1485;Freiburg;Nuvilly
1486;Freiburg;Vuissens
1489;Freiburg;Murist
1509;Waadt;Vucherens
1510;Waadt;Moudon, Syens
1512;Waadt;Chavannes-sur-Moudon
1513;Waadt;Hermenches, Rossenges
1514;Waadt;Bussy-sur-Moudon
1515;Waadt;Montanaire, Villars-le-Comte
1521;Waadt;Curtilles
1522;Waadt;Lucens
1523;Waadt;Valbroye
1524;Waadt;Valbroye
1525;Waadt;Henniez, Valbroye
1526;Waadt;Cremin, Forel-sur-Lucens
1527;Freiburg;Villeneuve (FR)
1528;Freiburg;Surpierre
1529;Freiburg;Cheiry
1530;Waadt;Payerne
1532;Freiburg;Fétigny
1533;Freiburg;Méničres
1534;Freiburg;Cheiry, Valbroye
1535;Waadt;Valbroye
1536;Waadt;Valbroye
1537;Waadt;Champtauroz
1538;Waadt;Treytorrens (Payerne)
1541;Freiburg;Bussy (FR), Morens (FR), Sévaz
1542;Freiburg;Rueyres-les-Prés
1543;Waadt;Grandcour
1544;Freiburg;Gletterens
1545;Waadt;Chevroux
1551;Waadt;Payerne
1552;Waadt;Trey
1553;Freiburg;Châtonnaye
1554;Waadt;Villarzel
1555;Waadt;Villarzel
1562;Waadt;Corcelles-prčs-Payerne
1563;Freiburg;Belmont-Broye
1564;Freiburg;Belmont-Broye
1565;Waadt;Missy, Vallon
1566;Freiburg;Saint-Aubin (FR)
1567;Freiburg;Delley-Portalban
1568;Freiburg;Delley-Portalban
1580;Waadt;Avenches
1583;Freiburg;Villarepos
1584;Waadt;Vully-les-Lacs
1585;Waadt;Vully-les-Lacs
1586;Waadt;Vully-les-Lacs
1587;Waadt;Vully-les-Lacs
1588;Waadt;Cudrefin
1589;Waadt;Vully-les-Lacs
1595;Bern;Clavaleyres, Faoug
1607;Waadt;Oron
1608;Waadt;Oron, Chapelle (Glâne)
1609;Freiburg;Saint-Martin (FR)
1610;Waadt;Oron
1611;Freiburg;La Verrerie
1612;Waadt;Oron
1613;Waadt;Maracon
1614;Freiburg;Granges (Veveyse)
1615;Freiburg;Bossonnens
1616;Freiburg;Attalens
1617;Freiburg;Remaufens, Attalens
1618;Freiburg;Châtel-Saint-Denis
1619;Freiburg;Châtel-Saint-Denis
1623;Freiburg;Semsales
1624;Freiburg;La Verrerie, Semsales
1625;Freiburg;Sâles
1626;Freiburg;Sâles
1627;Freiburg;Vaulruz
1628;Freiburg;Vuadens
1630;Freiburg;Bulle
1632;Freiburg;Riaz
1633;Freiburg;Marsens
1634;Freiburg;La Roche
1635;Freiburg;Bulle
1636;Freiburg;Broc
1637;Freiburg;Val-de-Charmey
1638;Freiburg;Morlon
1642;Freiburg;Sorens
1643;Freiburg;Pont-en-Ogoz
1644;Freiburg;Pont-en-Ogoz
1645;Freiburg;Pont-en-Ogoz
1646;Freiburg;Echarlens
1647;Freiburg;Corbičres
1648;Freiburg;Hauteville
1649;Freiburg;Pont-la-Ville
1651;Freiburg;Corbičres
1652;Freiburg;Botterens
1653;Freiburg;Châtel-sur-Montsalvens, Crésuz
1654;Freiburg;Val-de-Charmey
1656;Freiburg;Jaun
1657;Bern;Saanen
1658;Waadt;Rossiničre
1659;Waadt;Rougemont
1660;Waadt;Château-d'Oex
1661;Freiburg;Le Pâquier (FR)
1663;Freiburg;Gruyčres
1665;Freiburg;Bas-Intyamon
1666;Freiburg;Grandvillard, Bas-Intyamon
1667;Freiburg;Bas-Intyamon
1669;Freiburg;Haut-Intyamon
1670;Freiburg;Ursy
1673;Freiburg;Auboranges, Ecublens (FR), Rue
1674;Freiburg;Montet (Glâne), Ursy
1675;Freiburg;Rue, Ursy
1676;Freiburg;Siviriez
1677;Freiburg;Siviriez
1678;Freiburg;Siviriez
1679;Freiburg;Siviriez
1680;Freiburg;Mézičres (FR), Romont (FR)
1681;Freiburg;Billens-Hennens
1682;Waadt;Valbroye, Dompierre (VD), Lovatens, Prévonloup
1683;Waadt;Brenles, Chesalles-sur-Moudon, Sarzens
1684;Freiburg;Mézičres (FR)
1685;Freiburg;Vuisternens-devant-Romont
1686;Freiburg;Grangettes, Vuisternens-devant-Romont
1687;Freiburg;Vuisternens-devant-Romont
1688;Freiburg;Vuisternens-devant-Romont
1689;Freiburg;Le Châtelard
1690;Freiburg;La Folliaz, Villaz-Saint-Pierre
1691;Freiburg;La Folliaz
1692;Freiburg;Massonnens
1694;Freiburg;Villorsonnens
1695;Freiburg;Gibloux
1696;Freiburg;Gibloux
1697;Freiburg;Vuisternens-devant-Romont
1699;Freiburg;Le Flon
1700;Freiburg;Fribourg
1712;Freiburg;Tafers
1713;Freiburg;St. Antoni
1714;Freiburg;Heitenried
1715;Freiburg;Alterswil
1716;Freiburg;Oberschrot, Plaffeien
1717;Freiburg;St. Ursen
1718;Freiburg;Rechthalten
1719;Freiburg;Brünisried, Zumholz
1720;Freiburg;Chésopelloz, Corminboeuf
1721;Freiburg;Misery-Courtion
1722;Freiburg;Fribourg
1723;Freiburg;Marly, Pierrafortscha, Villarsel-sur-Marly
1724;Freiburg;Le Mouret, Ferpicloz, Senčdes
1725;Freiburg;Hauterive (FR)
1726;Freiburg;Gibloux
1727;Freiburg;Gibloux
1728;Freiburg;Gibloux
1730;Freiburg;Hauterive (FR)
1731;Freiburg;Ependes (FR)
1732;Freiburg;Arconciel
1733;Freiburg;Treyvaux
1734;Freiburg;Tentlingen
1735;Freiburg;Giffers
1736;Freiburg;St. Silvester
1737;Freiburg;Plasselb
1738;Bern;Guggisberg
1740;Freiburg;Neyruz (FR)
1741;Freiburg;Cottens (FR)
1742;Freiburg;Autigny
1744;Freiburg;Chénens
1745;Freiburg;La Brillaz
1746;Freiburg;Prez-vers-Noréaz
1747;Freiburg;Corserey
1748;Freiburg;Torny
1749;Freiburg;Torny
1752;Freiburg;Villars-sur-Glâne
1753;Freiburg;Matran
1754;Freiburg;Avry
1756;Freiburg;La Brillaz
1757;Freiburg;Noréaz
1762;Freiburg;Givisiez
1763;Freiburg;Granges-Paccot
1772;Freiburg;Grolley, Ponthaux
1773;Freiburg;Belmont-Broye
1774;Freiburg;Montagny (FR)
1775;Freiburg;Montagny (FR)
1776;Freiburg;Montagny (FR)
1782;Freiburg;Belfaux, La Sonnaz
1783;Freiburg;Barberęche
1784;Freiburg;Courtepin, Wallenried
1785;Freiburg;Cressier (FR)
1786;Freiburg;Mont-Vully
1787;Freiburg;Mont-Vully, Vully-les-Lacs
1788;Freiburg;Mont-Vully
1789;Freiburg;Mont-Vully
1791;Freiburg;Courtepin
1792;Freiburg;Gurmels
1793;Freiburg;Murten
1794;Freiburg;Murten
1795;Freiburg;Murten
1796;Freiburg;Courgevaux
1797;Bern;Münchenwiler
1800;Waadt;Vevey
1801;Waadt;Chardonne
1802;Waadt;Corseaux
1803;Waadt;Chardonne
1804;Waadt;Corsier-sur-Vevey
1805;Waadt;Jongny
1806;Waadt;Saint-Légier-La Chiésaz
1807;Waadt;Blonay
1808;Waadt;Corsier-sur-Vevey
1809;Waadt;Corsier-sur-Vevey
1814;Waadt;La Tour-de-Peilz
1815;Waadt;Montreux
1816;Waadt;Montreux
1817;Waadt;Montreux
1820;Waadt;Montreux, Veytaux
1822;Waadt;Montreux
1823;Waadt;Montreux
1824;Waadt;Montreux
1832;Waadt;Montreux
1833;Waadt;Montreux
1844;Waadt;Villeneuve (VD)
1845;Waadt;Noville
1846;Waadt;Chessel
1847;Waadt;Rennaz
1852;Waadt;Roche (VD)
1853;Waadt;Yvorne
1854;Waadt;Leysin
1856;Waadt;Corbeyrier
1860;Waadt;Aigle
1862;Waadt;Ormont-Dessous
1863;Waadt;Ormont-Dessous
1864;Waadt;Ormont-Dessus
1865;Waadt;Ormont-Dessus
1866;Waadt;Ormont-Dessous
1867;Waadt;Ollon
1868;Wallis;Collombey-Muraz
1869;Wallis;Massongex
1870;Wallis;Monthey
1871;Wallis;Monthey
1872;Wallis;Troistorrents
1873;Wallis;Val-d'Illiez
1874;Wallis;Champéry
1875;Wallis;Troistorrents
1880;Waadt;Bex
1882;Waadt;Gryon
1884;Waadt;Ollon
1885;Waadt;Ollon
1890;Wallis;Saint-Maurice
1891;Wallis;Vérossaz
1892;Waadt;Lavey-Morcles
1893;Wallis;Collombey-Muraz
1895;Wallis;Vionnaz
1896;Wallis;Vouvry
1897;Wallis;Port-Valais
1898;Wallis;Saint-Gingolph
1899;Wallis;Vionnaz
1902;Wallis;Evionnaz
1903;Wallis;Collonges
1904;Wallis;Vernayaz
1905;Wallis;Dorénaz
1906;Wallis;Charrat
1907;Wallis;Saxon
1908;Wallis;Riddes
1911;Wallis;Chamoson, Leytron
1912;Wallis;Leytron
1913;Wallis;Saillon
1914;Wallis;Riddes, Isérables
1918;Wallis;Riddes
1920;Wallis;Martigny
1921;Wallis;Martigny-Combe
1922;Wallis;Salvan
1923;Wallis;Salvan
1925;Wallis;Finhaut
1926;Wallis;Fully
1927;Wallis;Vollčges
1928;Wallis;Martigny-Combe
1929;Wallis;Trient
1932;Wallis;Bovernier
1933;Wallis;Sembrancher, Vollčges
1934;Wallis;Bagnes
1936;Wallis;Bagnes
1937;Wallis;Orsičres
1938;Wallis;Orsičres
1941;Wallis;Vollčges
1942;Wallis;Vollčges
1943;Wallis;Orsičres
1944;Wallis;Orsičres
1945;Wallis;Liddes
1946;Wallis;Bourg-Saint-Pierre
1947;Wallis;Bagnes
1948;Wallis;Bagnes
1950;Wallis;Sion
1955;Wallis;Chamoson
1957;Wallis;Ardon
1958;Wallis;Saint-Léonard, Sion
1961;Wallis;Mont-Noble
1962;Wallis;Sion
1963;Wallis;Vétroz
1964;Wallis;Conthey
1965;Wallis;Savičse
1966;Wallis;Ayent
1967;Wallis;Sion
1968;Wallis;Mont-Noble
1969;Wallis;Saint-Martin (VS)
1971;Wallis;Grimisuat
1972;Wallis;Ayent
1973;Wallis;Mont-Noble
1974;Wallis;Arbaz
1975;Wallis;Conthey
1976;Wallis;Conthey
1977;Wallis;Icogne
1978;Wallis;Lens
1981;Wallis;Vex
1982;Wallis;Hérémence
1983;Wallis;Evolčne
1984;Wallis;Evolčne
1985;Wallis;Evolčne
1986;Wallis;Evolčne
1987;Wallis;Hérémence
1988;Wallis;Vex
1991;Wallis;Sion
1992;Wallis;Les Agettes
1993;Wallis;Nendaz, Veysonnaz
1994;Wallis;Nendaz
1996;Wallis;Nendaz
1997;Wallis;Nendaz
2000;Neuenburg;Neuchâtel
2012;Neuenburg;Milvignes
2013;Neuenburg;Milvignes
2014;Neuenburg;Milvignes
2015;Neuenburg;Boudry
2016;Neuenburg;Cortaillod
2017;Neuenburg;Boudry
2019;Neuenburg;Rochefort
2022;Neuenburg;Bevaix
2023;Neuenburg;Gorgier
2024;Neuenburg;Saint-Aubin-Sauges
2025;Neuenburg;Gorgier
2027;Neuenburg;Fresens, Montalchez
2028;Neuenburg;Vaumarcus
2034;Neuenburg;Peseux
2035;Neuenburg;Corcelles-Cormondrčche
2036;Neuenburg;Corcelles-Cormondrčche
2037;Neuenburg;Rochefort, Val-de-Ruz
2042;Neuenburg;Valangin
2043;Neuenburg;Val-de-Ruz
2046;Neuenburg;Val-de-Ruz
2052;Neuenburg;Val-de-Ruz
2053;Neuenburg;Val-de-Ruz
2054;Neuenburg;Val-de-Ruz
2056;Neuenburg;Val-de-Ruz
2057;Neuenburg;Val-de-Ruz
2058;Neuenburg;Val-de-Ruz
2063;Neuenburg;Val-de-Ruz
2065;Neuenburg;Val-de-Ruz
2067;Neuenburg;Neuchâtel
2068;Neuenburg;Hauterive (NE)
2072;Neuenburg;Saint-Blaise
2073;Neuenburg;Enges
2074;Neuenburg;La Tčne
2075;Neuenburg;La Tčne
2087;Neuenburg;Cornaux
2088;Neuenburg;Cressier (NE)
2103;Neuenburg;Val-de-Travers
2105;Neuenburg;Val-de-Travers
2108;Neuenburg;Val-de-Travers
2112;Neuenburg;Val-de-Travers
2113;Neuenburg;Val-de-Travers
2114;Neuenburg;Val-de-Travers
2115;Neuenburg;Val-de-Travers
2116;Neuenburg;Val-de-Travers
2117;Neuenburg;La Côte-aux-Fées
2123;Neuenburg;Val-de-Travers
2124;Neuenburg;Val-de-Travers
2126;Neuenburg;Les Verričres
2127;Neuenburg;Val-de-Travers
2149;Neuenburg;Rochefort
2206;Neuenburg;Val-de-Ruz
2207;Neuenburg;Val-de-Ruz
2208;Neuenburg;Val-de-Ruz
2300;Neuenburg;La Chaux-de-Fonds
2314;Neuenburg;La Sagne
2316;Neuenburg;Les Ponts-de-Martel
2318;Neuenburg;Brot-Plamboz
2322;Neuenburg;La Chaux-de-Fonds
2325;Neuenburg;Les Planchettes
2333;Bern;La Ferričre
2336;Jura;Les Bois
2338;Jura;Muriaux
2340;Jura;Le Noirmont
2345;Jura;La Chaux-des-Breuleux, Saint-Imier, Les Breuleux
2350;Jura;Saignelégier
2353;Jura;Saignelégier
2354;Jura;Saignelégier
2360;Jura;Le Bémont (JU)
2362;Jura;Montfaucon
2363;Jura;Les Enfers
2364;Jura;Saint-Brais
2400;Neuenburg;, Le Locle
2405;Neuenburg;La Chaux-du-Milieu
2406;Neuenburg;La Brévine
2414;Neuenburg;Le Cerneux-Péquignot
2416;Neuenburg;Les Brenets
2502;Bern;Biel/Bienne
2503;Bern;Biel/Bienne
2504;Bern;Biel/Bienne
2505;Bern;Biel/Bienne
2512;Bern;Twann-Tüscherz
2513;Bern;Twann-Tüscherz
2514;Bern;Ligerz
2515;Bern;Plateau de Diesse
2516;Bern;Plateau de Diesse
2517;Bern;Plateau de Diesse
2518;Bern;Nods
2520;Bern;La Neuveville
2523;Neuenburg;Ligničres
2525;Neuenburg;Le Landeron
2532;Bern;Evilard
2533;Bern;Evilard
2534;Bern;Orvin
2535;Bern;Sauge
2536;Bern;Sauge
2537;Bern;Sauge
2538;Bern;Romont (BE)
2540;Solothurn;Grenchen
2542;Bern;Pieterlen
2543;Bern;Lengnau (BE)
2544;Solothurn;Bettlach
2545;Solothurn;Selzach
2552;Bern;Orpund
2553;Bern;Safnern
2554;Bern;Meinisberg
2555;Bern;Brügg
2556;Bern;Scheuren, Schwadernau
2557;Bern;Studen (BE)
2558;Bern;Aegerten
2560;Bern;Nidau
2562;Bern;Port
2563;Bern;Ipsach
2564;Bern;Bellmund
2565;Bern;Jens
2572;Bern;Mörigen, Sutz-Lattrigen
2575;Bern;Täuffelen, Hagneck
2576;Bern;Lüscherz
2577;Bern;Finsterhennen, Siselen
2603;Bern;Péry-La Heutte
2604;Bern;Péry-La Heutte
2605;Bern;Sonceboz-Sombeval
2606;Bern;Corgémont
2607;Bern;Cortébert
2608;Bern;Courtelary, Cortébert
2610;Bern;Saint-Imier, Cormoret
2612;Bern;Cormoret
2613;Bern;Villeret
2615;Bern;Sonvilier
2616;Bern;Renan (BE)
2710;Bern;Tavannes
2712;Bern;Saicourt
2713;Bern;Saicourt
2714;Jura;Les Genevez (JU)
2715;Bern;Petit-Val
2716;Bern;Petit-Val
2717;Bern;Petit-Val, Rebévelier
2718;Jura;Lajoux (JU)
2720;Bern;Tavannes, Tramelan
2722;Bern;Tramelan
2723;Bern;Mont-Tramelan
2732;Bern;Loveresse, Reconvilier, Saicourt, Saules (BE)
2733;Bern;Valbirse
2735;Bern;Valbirse, Champoz
2736;Bern;Sorvilier
2738;Bern;Court
2740;Bern;Moutier
2742;Bern;Perrefitte
2743;Bern;Eschert
2744;Bern;Belprahon
2745;Bern;Grandval
2746;Bern;Crémines
2747;Bern;Corcelles (BE), Seehof
2748;Bern;Petit-Val
2762;Bern;Roches (BE)
2800;Jura;Delémont
2802;Jura;Develier
2803;Jura;Bourrignon
2805;Jura;Soyhičres
2806;Jura;Mettembert
2807;Jura;Pleigne
2812;Jura;Movelier
2813;Jura;Ederswiler
2814;Basel-Landschaft;Roggenburg
2822;Jura;Courroux
2823;Jura;Courroux
2824;Jura;Val Terbi
2825;Jura;Courchapoix
2826;Jura;Corban
2827;Jura;Mervelier, Schelten
2828;Jura;Val Terbi
2829;Jura;Val Terbi
2830;Jura;Courrendlin, Vellerat
2832;Jura;Rebeuvelier
2842;Jura;Rossemaison
2843;Jura;Châtillon (JU)
2852;Jura;Courtételle
2853;Jura;Haute-Sorne
2854;Jura;Haute-Sorne
2855;Jura;Haute-Sorne
2856;Jura;Boécourt
2857;Jura;Boécourt
2863;Jura;Haute-Sorne
2864;Jura;Haute-Sorne
2873;Jura;Saulcy
2882;Jura;Clos du Doubs, Saint-Brais
2883;Jura;Clos du Doubs
2884;Jura;Clos du Doubs
2885;Jura;Clos du Doubs
2886;Jura;Clos du Doubs
2887;Jura;Soubey
2888;Jura;Clos du Doubs
2889;Jura;Clos du Doubs
2900;Jura;Porrentruy
2902;Jura;Fontenais
2903;Jura;Fontenais
2904;Jura;Fontenais
2905;Jura;Courtedoux
2906;Jura;Haute-Ajoie
2907;Jura;Rocourt
2908;Jura;Grandfontaine
2912;Jura;Haute-Ajoie
2914;Jura;Haute-Ajoie
2915;Jura;Bure
2916;Jura;Fahy
2922;Jura;Courchavon
2923;Jura;Basse-Allaine
2924;Jura;Basse-Allaine
2925;Jura;Basse-Allaine
2926;Jura;Boncourt
2932;Jura;Coeuve
2933;Jura;Damphreux, Lugnez
2935;Jura;Beurnevésin
2942;Jura;Alle
2943;Jura;Vendlincourt
2944;Jura;Bonfol
2946;Jura;La Baroche
2947;Jura;La Baroche
2950;Jura;Courgenay
2952;Jura;Cornol
2953;Jura;La Baroche
2954;Jura;La Baroche
3004;Bern;Bern
3005;Bern;Bern
3006;Bern;Bern
3007;Bern;Bern
3008;Bern;Bern
3010;Bern;Bern
3011;Bern;Bern
3012;Bern;Bern
3013;Bern;Bern
3014;Bern;Bern
3015;Bern;Bern
3018;Bern;Bern
3019;Bern;Bern
3020;Bern;Bern
3027;Bern;Bern
3032;Bern;Wohlen bei Bern
3033;Bern;Wohlen bei Bern
3034;Bern;Wohlen bei Bern
3035;Bern;Seedorf (BE)
3036;Bern;Radelfingen
3037;Bern;Kirchlindach
3038;Bern;Kirchlindach
3042;Bern;Meikirch
3043;Bern;Wohlen bei Bern
3044;Bern;Wohlen bei Bern
3045;Bern;Meikirch
3046;Bern;Meikirch
3047;Bern;Bremgarten bei Bern
3048;Bern;Ittigen
3049;Bern;Wohlen bei Bern
3052;Bern;Zollikofen
3053;Bern;Deisswil bei Münchenbuchsee, Diemerswil, Rapperswil (BE), Münchenbuchsee, Wiggiswil
3054;Bern;Schüpfen
3063;Bern;Ittigen
3065;Bern;Bolligen
3066;Bern;Stettlen
3067;Bern;Vechigen
3068;Bern;Vechigen
3072;Bern;Ostermundigen
3073;Bern;Muri bei Bern
3074;Bern;Muri bei Bern
3075;Bern;Worb
3076;Bern;Worb
3077;Bern;Worb
3078;Bern;Worb
3082;Bern;Schlosswil
3083;Bern;Münsingen
3084;Bern;Köniz
3086;Bern;Wald (BE)
3087;Bern;Niedermuhlern
3088;Bern;Rüeggisberg
3089;Bern;Rüeggisberg
3095;Bern;Köniz
3096;Bern;Oberbalm
3097;Bern;Köniz
3098;Bern;Köniz
3099;Bern;Riggisberg
3110;Bern;Münsingen
3111;Bern;Tägertschi
3112;Bern;Allmendingen
3113;Bern;Rubigen
3114;Bern;Wichtrach
3115;Bern;Gerzensee
3116;Bern;Kirchdorf (BE), Mühledorf (BE), Noflen
3122;Bern;Kehrsatz
3123;Bern;Belp
3124;Bern;Belp
3125;Bern;Toffen
3126;Bern;Gelterfingen, Kaufdorf
3127;Bern;Lohnstorf, Mühlethurnen
3128;Bern;Kirchenthurnen, Rümligen
3132;Bern;Riggisberg
3144;Bern;Köniz
3145;Bern;Köniz
3147;Bern;Köniz
3148;Bern;Schwarzenburg
3150;Bern;Schwarzenburg
3152;Bern;Schwarzenburg
3153;Bern;Rüschegg
3154;Bern;Rüschegg
3155;Bern;Rüeggisberg
3156;Bern;Guggisberg
3157;Bern;Schwarzenburg
3158;Bern;Guggisberg
3159;Bern;Guggisberg
3172;Bern;Köniz
3173;Bern;Köniz
3174;Bern;Köniz
3175;Freiburg;Wünnewil-Flamatt
3176;Bern;Neuenegg
3177;Bern;Laupen
3178;Freiburg;Bösingen
3179;Bern;Kriechenwil
3182;Freiburg;Ueberstorf
3183;Bern;Schwarzenburg
3184;Freiburg;Wünnewil-Flamatt
3185;Freiburg;Schmitten (FR)
3186;Freiburg;Düdingen
3202;Bern;Frauenkappelen
3203;Bern;Mühleberg
3204;Bern;Mühleberg
3205;Bern;Mühleberg
3206;Bern;Ferenbalm, Gurmels
3207;Bern;Golaten, Wileroltigen
3208;Bern;Gurbrü
3210;Freiburg;Kerzers
3212;Freiburg;Gurmels
3213;Freiburg;Kleinbösingen, Gurmels
3214;Freiburg;Ulmiz
3215;Freiburg;Murten, Gempenach
3216;Freiburg;Ried bei Kerzers
3225;Bern;Müntschemier
3226;Bern;Treiten
3232;Bern;Ins
3233;Bern;Tschugg
3234;Bern;Vinelz
3235;Bern;Erlach
3236;Bern;Gampelen
3237;Bern;Brüttelen
3238;Bern;Gals
3250;Bern;Lyss
3251;Bern;Rapperswil (BE), Wengi
3252;Bern;Worben
3253;Solothurn;Schnottwil
3254;Solothurn;Messen
3255;Bern;Rapperswil (BE)
3256;Bern;Rapperswil (BE)
3257;Bern;Grossaffoltern
3262;Bern;Grossaffoltern
3263;Bern;Büetigen
3264;Bern;Diessbach bei Büren
3266;Bern;Seedorf (BE)
3267;Bern;Seedorf (BE)
3268;Bern;Seedorf (BE)
3270;Bern;Aarberg
3271;Bern;Radelfingen
3272;Bern;Epsach, Walperswil
3273;Bern;Kappelen
3274;Bern;Bühl, Hermrigen, Merzligen
3280;Freiburg;Greng, Meyriez, Murten
3282;Bern;Bargen (BE)
3283;Bern;Kallnach
3284;Freiburg;Fräschels
3285;Freiburg;Galmiz
3286;Freiburg;Muntelier
3292;Bern;Lyss
3293;Bern;Dotzigen
3294;Bern;Büren an der Aare, Meienried
3295;Bern;Rüti bei Büren
3296;Bern;Arch
3297;Bern;Leuzigen
3298;Bern;Oberwil bei Büren
3302;Bern;Moosseedorf
3303;Bern;Jegenstorf, Zuzwil (BE)
3305;Bern;Iffwil, Jegenstorf
3306;Bern;Fraubrunnen
3307;Solothurn;Messen
3308;Bern;Fraubrunnen
3309;Bern;Kernenried, Fraubrunnen
3312;Bern;Fraubrunnen
3313;Bern;Fraubrunnen
3314;Bern;Fraubrunnen
3315;Bern;Bätterkinden
3317;Bern;Fraubrunnen
3322;Bern;Mattstetten, Urtenen-Schönbühl
3323;Bern;Bäriswil
3324;Bern;Hindelbank, Mötschwil
3325;Bern;Krauchthal
3326;Bern;Krauchthal
3360;Bern;Herzogenbuchsee
3362;Bern;Niederönz
3363;Bern;Herzogenbuchsee
3365;Bern;Seeberg
3366;Bern;Bettenhausen
3367;Bern;Ochlenberg, Thörigen
3368;Bern;Bleienbach
3372;Bern;Heimenhausen
3373;Bern;Heimenhausen
3374;Bern;Wangenried
3375;Bern;Inkwil
3376;Bern;Berken, Graben
3377;Bern;Walliswil bei Wangen
3380;Bern;Walliswil bei Niederbipp, Wangen an der Aare
3400;Bern;Burgdorf
3412;Bern;Heimiswil
3413;Bern;Heimiswil
3414;Bern;Oberburg
3415;Bern;Hasle bei Burgdorf, Rüegsau
3416;Bern;Affoltern im Emmental
3417;Bern;Rüegsau
3418;Bern;Rüegsau
3419;Bern;Hasle bei Burgdorf
3421;Bern;Lyssach, Oberburg, Rüti bei Lyssach
3422;Bern;Rüdtligen-Alchenflüh, Kirchberg (BE)
3423;Bern;Ersigen
3424;Bern;Ersigen
3425;Bern;Koppigen, Willadingen
3426;Bern;Aefligen
3427;Bern;Utzenstorf
3428;Bern;Wiler bei Utzenstorf
3429;Bern;Hellsau, Höchstetten
3432;Bern;Lützelflüh
3433;Bern;Rüderswil
3434;Bern;Landiswil
3435;Bern;Lützelflüh
3436;Bern;Rüderswil
3437;Bern;Rüderswil
3438;Bern;Lauperswil
3439;Bern;Lützelflüh
3452;Bern;Lützelflüh
3453;Bern;Trachselwald
3454;Bern;Sumiswald
3455;Bern;Sumiswald
3456;Bern;Trachselwald
3457;Bern;Sumiswald
3462;Bern;Affoltern im Emmental
3463;Bern;Affoltern im Emmental
3464;Bern;Walterswil (BE)
3465;Bern;Dürrenroth
3472;Bern;Rumendingen, Wynigen
3473;Bern;Alchenstorf
3474;Bern;Wynigen
3475;Bern;Seeberg
3476;Bern;Ochlenberg
3503;Bern;Konolfingen
3504;Bern;Niederhünigen, Oberhünigen
3506;Bern;Grosshöchstetten
3507;Bern;Biglen
3508;Bern;Arni (BE)
3510;Bern;Freimettigen, Häutligen, Konolfingen
3512;Bern;Walkringen
3513;Bern;Walkringen
3531;Bern;Oberthal
3532;Bern;Mirchel, Zäziwil
3533;Bern;Bowil
3534;Bern;Signau
3535;Bern;Signau
3536;Bern;Eggiwil
3537;Bern;Eggiwil
3538;Bern;Röthenbach im Emmental
3543;Bern;Lauperswil
3550;Bern;Langnau im Emmental
3551;Bern;Langnau im Emmental
3552;Bern;Langnau im Emmental
3553;Bern;Langnau im Emmental
3555;Bern;Trubschachen
3556;Bern;Trub
3557;Bern;Trub
3600;Bern;Thun
3603;Bern;Thun
3604;Bern;Thun
3608;Bern;Thun
3612;Bern;Steffisburg
3613;Bern;Steffisburg
3614;Bern;Unterlangenegg
3615;Bern;Buchholterberg
3616;Bern;Unterlangenegg
3617;Bern;Fahrni
3618;Bern;Röthenbach im Emmental
3619;Bern;Eriz
3622;Bern;Homberg
3623;Bern;Horrenbach-Buchen, Teuffenthal (BE)
3624;Bern;Thun, Schwendibach
3625;Bern;Heiligenschwendi
3626;Bern;Hilterfingen
3627;Bern;Heimberg
3628;Bern;Uttigen
3629;Bern;Jaberg, Kiesen, Oppligen
3631;Bern;Stocken-Höfen
3632;Bern;Stocken-Höfen
3633;Bern;Amsoldingen
3634;Bern;Thierachern
3635;Bern;Uebeschi
3636;Bern;Forst-Längenbühl
3638;Bern;Blumenstein, Pohlern
3645;Bern;Spiez, Zwieselberg
3646;Bern;Spiez
3647;Bern;Reutigen
3652;Bern;Hilterfingen
3653;Bern;Oberhofen am Thunersee
3654;Bern;Sigriswil
3655;Bern;Sigriswil
3656;Bern;Sigriswil
3657;Bern;Sigriswil
3658;Bern;Sigriswil
3661;Bern;Uetendorf
3662;Bern;Seftigen
3663;Bern;Gurzelen
3664;Bern;Burgistein
3665;Bern;Wattenwil
3671;Bern;Brenzikofen, Herbligen
3672;Bern;Oberdiessbach
3673;Bern;Linden
3674;Bern;Oberdiessbach
3700;Bern;Spiez
3702;Bern;Spiez
3703;Bern;Aeschi bei Spiez
3704;Bern;Krattigen
3705;Bern;Spiez
3706;Bern;Leissigen
3707;Bern;Därligen
3711;Bern;Aeschi bei Spiez, Reichenbach im Kandertal
3713;Bern;Reichenbach im Kandertal
3714;Bern;Frutigen, Reichenbach im Kandertal
3715;Bern;Adelboden
3716;Bern;Kandergrund
3717;Bern;Kandergrund
3718;Bern;Kandersteg
3722;Bern;Reichenbach im Kandertal
3723;Bern;Reichenbach im Kandertal
3724;Bern;Frutigen
3725;Bern;Frutigen
3752;Bern;Wimmis
3753;Bern;Diemtigen
3754;Bern;Diemtigen
3755;Bern;Diemtigen
3756;Bern;Diemtigen
3757;Bern;Diemtigen
3758;Bern;Erlenbach im Simmental
3762;Bern;Erlenbach im Simmental
3763;Bern;Därstetten
3764;Bern;Därstetten
3765;Bern;Oberwil im Simmental
3766;Bern;Boltigen
3770;Bern;Zweisimmen
3771;Bern;Zweisimmen
3772;Bern;St. Stephan
3773;Bern;St. Stephan
3775;Bern;Lenk
3776;Bern;Zweisimmen
3777;Bern;Saanen
3778;Bern;Saanen
3780;Bern;Saanen
3781;Bern;Saanen
3782;Bern;Lauenen
3783;Bern;Saanen
3784;Bern;Gsteig
3785;Bern;Gsteig
3792;Bern;Saanen
3800;Bern;Gündlischwand, Interlaken, Matten bei Interlaken, Beatenberg, Unterseen
3801;Wallis;Fieschertal
3803;Bern;Beatenberg
3804;Bern;Habkern
3805;Bern;Ringgenberg (BE)
3806;Bern;Bönigen
3807;Bern;Iseltwald
3812;Bern;Wilderswil
3813;Bern;Saxeten
3814;Bern;Gsteigwiler
3815;Bern;Gündlischwand
3816;Bern;Grindelwald, Lütschental
3818;Bern;Grindelwald
3822;Bern;Lauterbrunnen
3823;Bern;Lauterbrunnen
3824;Bern;Lauterbrunnen
3825;Bern;Lauterbrunnen
3826;Bern;Lauterbrunnen
3852;Bern;Ringgenberg (BE)
3853;Bern;Niederried bei Interlaken
3854;Bern;Oberried am Brienzersee
3855;Bern;Brienz (BE), Schwanden bei Brienz
3856;Bern;Brienzwiler
3857;Bern;Meiringen
3858;Bern;Hofstetten bei Brienz
3860;Bern;Meiringen, Schattenhalb
3862;Bern;Innertkirchen
3863;Bern;Innertkirchen
3864;Bern;Guttannen
3900;Wallis;Brig-Glis
3901;Wallis;Ried-Brig
3902;Wallis;Brig-Glis
3903;Wallis;Naters
3904;Wallis;Naters
3905;Wallis;Saas-Almagell
3906;Wallis;Saas-Fee
3907;Wallis;Simplon, Zwischbergen
3908;Wallis;Saas-Balen
3910;Wallis;Saas-Grund
3911;Wallis;Ried-Brig
3912;Wallis;Termen
3913;Wallis;Termen
3914;Wallis;Naters
3916;Wallis;Ferden
3917;Wallis;Ferden, Kippel
3918;Wallis;Wiler (Lötschen)
3919;Wallis;Blatten
3920;Wallis;Zermatt
3922;Wallis;Eisten, Embd, Stalden (VS)
3923;Wallis;Törbel
3924;Wallis;St. Niklaus
3925;Wallis;Grächen
3926;Wallis;Embd
3927;Wallis;St. Niklaus
3928;Wallis;Randa
3929;Wallis;Täsch
3930;Wallis;Visp
3931;Wallis;Lalden
3932;Wallis;Visperterminen
3933;Wallis;Staldenried
3934;Wallis;Zeneggen
3935;Wallis;Bürchen
3937;Wallis;Baltschieder
3938;Wallis;Ausserberg
3939;Wallis;Eggerberg
3940;Wallis;Steg-Hohtenn
3942;Wallis;Niedergesteln, Raron
3943;Wallis;Eischoll
3944;Wallis;Unterbäch
3945;Wallis;Gampel-Bratsch
3946;Wallis;Turtmann-Unterems
3947;Wallis;Ergisch
3948;Wallis;Oberems, Turtmann-Unterems
3949;Wallis;Steg-Hohtenn
3951;Wallis;Agarn
3952;Wallis;Leuk
3953;Wallis;Inden, Leuk, Varen
3954;Wallis;Leukerbad
3955;Wallis;Albinen
3956;Wallis;Guttet-Feschel
3957;Wallis;Gampel-Bratsch, Leuk
3960;Wallis;Montana, Randogne, Sierre, Anniviers
3961;Wallis;Anniviers
3963;Wallis;Mollens (VS), Montana
3965;Wallis;Chippis
3966;Wallis;Chalais
3967;Wallis;Chalais
3968;Wallis;Veyras
3970;Wallis;Salgesch
3971;Wallis;Chermignon
3972;Wallis;Mičge
3973;Wallis;Venthône
3974;Wallis;Mollens (VS)
3975;Wallis;Randogne
3976;Wallis;Chermignon, Sierre
3977;Wallis;Sierre
3978;Wallis;Lens
3979;Wallis;Grône
3982;Wallis;Bitsch
3983;Wallis;Bister, Mörel-Filet, Riederalp
3984;Wallis;Bellwald, Fiesch, Fieschertal
3985;Wallis;Münster-Geschinen
3986;Wallis;Riederalp
3987;Wallis;Riederalp
3988;Wallis;Obergoms
3989;Wallis;Grafschaft, Blitzingen, Niederwald
3991;Wallis;Bettmeralp
3992;Wallis;Bettmeralp
3993;Wallis;Grengiols
3994;Wallis;Lax, Bettmeralp
3995;Wallis;Ernen
3996;Wallis;Binn
3997;Wallis;Bellwald
3998;Wallis;Reckingen-Gluringen
3999;Wallis;Obergoms
4001;Basel-Stadt;Basel
4051;Basel-Stadt;Basel
4052;Basel-Stadt;Basel
4053;Basel-Stadt;Basel
4054;Basel-Stadt;Basel
4055;Basel-Stadt;Basel
4056;Basel-Stadt;Basel
4057;Basel-Stadt;Basel
4058;Basel-Stadt;Basel
4059;Basel-Stadt;Basel
4101;Basel-Landschaft;Binningen
4102;Basel-Landschaft;Binningen
4103;Basel-Landschaft;Bottmingen
4104;Basel-Landschaft;Oberwil (BL)
4105;Basel-Landschaft;Biel-Benken
4106;Basel-Landschaft;Therwil
4107;Basel-Landschaft;Ettingen
4108;Solothurn;Witterswil
4112;Solothurn;Bättwil, Hofstetten-Flüh
4114;Solothurn;Hofstetten-Flüh
4115;Solothurn;Metzerlen-Mariastein
4116;Solothurn;Metzerlen-Mariastein
4117;Basel-Landschaft;Burg im Leimental
4118;Solothurn;Rodersdorf
4123;Basel-Landschaft;Allschwil
4124;Basel-Landschaft;Schönenbuch
4125;Basel-Stadt;Riehen
4126;Basel-Stadt;Bettingen
4127;Basel-Landschaft;Birsfelden
4132;Basel-Landschaft;Muttenz
4133;Basel-Landschaft;Pratteln
4142;Basel-Landschaft;Münchenstein
4143;Solothurn;Dornach
4144;Basel-Landschaft;Arlesheim
4145;Solothurn;Gempen
4146;Solothurn;Hochwald
4147;Basel-Landschaft;Aesch (BL)
4148;Basel-Landschaft;Pfeffingen
4153;Basel-Landschaft;Reinach (BL)
4202;Basel-Landschaft;Duggingen
4203;Basel-Landschaft;Grellingen
4204;Solothurn;Himmelried
4206;Solothurn;Seewen
4207;Basel-Landschaft;Bretzwil
4208;Solothurn;Nunningen
4222;Basel-Landschaft;Zwingen
4223;Basel-Landschaft;Blauen
4224;Basel-Landschaft;Nenzlingen
4225;Basel-Landschaft;Brislach
4226;Solothurn;Breitenbach
4227;Solothurn;Büsserach
4228;Solothurn;Erschwil
4229;Solothurn;Beinwil (SO)
4232;Solothurn;Fehren
4233;Solothurn;Meltingen
4234;Solothurn;Zullwil
4242;Basel-Landschaft;Laufen
4243;Basel-Landschaft;Dittingen
4244;Basel-Landschaft;Röschenz
4245;Solothurn;Kleinlützel
4246;Basel-Landschaft;Wahlen
4247;Solothurn;Grindel
4252;Solothurn;Bärschwil
4253;Basel-Landschaft;Liesberg
4254;Basel-Landschaft;Liesberg
4302;Basel-Landschaft;Augst
4303;Aargau;Kaiseraugst
4304;Basel-Landschaft;Giebenach
4305;Aargau;Olsberg
4310;Aargau;Rheinfelden
4312;Aargau;Magden
4313;Aargau;Möhlin
4314;Aargau;Zeiningen
4315;Aargau;Zuzgen
4316;Aargau;Hellikon
4317;Aargau;Wegenstetten
4322;Aargau;Mumpf
4323;Aargau;Wallbach
4324;Aargau;Obermumpf
4325;Aargau;Schupfart
4332;Aargau;Stein (AG)
4333;Aargau;Münchwilen (AG)
4334;Aargau;Sisseln
4402;Basel-Landschaft;Frenkendorf
4410;Basel-Landschaft;Liestal
4411;Basel-Landschaft;Seltisberg
4412;Solothurn;Nuglar-St. Pantaleon
4413;Solothurn;Büren (SO)
4414;Basel-Landschaft;Füllinsdorf
4415;Basel-Landschaft;Lausen
4416;Basel-Landschaft;Bubendorf
4417;Basel-Landschaft;Ziefen
4418;Basel-Landschaft;Reigoldswil
4419;Basel-Landschaft;Lupsingen
4421;Solothurn;Nuglar-St. Pantaleon
4422;Basel-Landschaft;Arisdorf
4423;Basel-Landschaft;Hersberg
4424;Basel-Landschaft;Arboldswil
4425;Basel-Landschaft;Titterten
4426;Basel-Landschaft;Lauwil
4431;Basel-Landschaft;Bennwil
4432;Basel-Landschaft;Lampenberg
4433;Basel-Landschaft;Ramlinsburg
4434;Basel-Landschaft;Hölstein
4435;Basel-Landschaft;Niederdorf
4436;Basel-Landschaft;Liedertswil, Oberdorf (BL)
4437;Basel-Landschaft;Waldenburg
4438;Basel-Landschaft;Langenbruck
4441;Basel-Landschaft;Thürnen
4442;Basel-Landschaft;Diepflingen
4443;Basel-Landschaft;Wittinsburg
4444;Basel-Landschaft;Rümlingen
4445;Basel-Landschaft;Häfelfingen
4446;Basel-Landschaft;Buckten
4447;Basel-Landschaft;Känerkinden
4448;Basel-Landschaft;Läufelfingen
4450;Basel-Landschaft;Sissach
4451;Basel-Landschaft;Wintersingen
4452;Basel-Landschaft;Itingen
4453;Basel-Landschaft;Nusshof
4455;Basel-Landschaft;Zunzgen
4456;Basel-Landschaft;Tenniken
4457;Basel-Landschaft;Diegten
4458;Basel-Landschaft;Eptingen
4460;Basel-Landschaft;Gelterkinden
4461;Basel-Landschaft;Böckten
4462;Basel-Landschaft;Rickenbach (BL)
4463;Basel-Landschaft;Buus
4464;Basel-Landschaft;Maisprach
4465;Basel-Landschaft;Hemmiken
4466;Basel-Landschaft;Ormalingen
4467;Basel-Landschaft;Rothenfluh
4468;Solothurn;Kienberg
4469;Basel-Landschaft;Anwil
4492;Basel-Landschaft;Tecknau
4493;Basel-Landschaft;Wenslingen
4494;Basel-Landschaft;Oltingen
4495;Basel-Landschaft;Zeglingen
4496;Basel-Landschaft;Kilchberg (BL)
4497;Basel-Landschaft;Rünenberg
4500;Solothurn;Solothurn
4512;Solothurn;Bellach
4513;Solothurn;Langendorf
4514;Solothurn;Lommiswil
4515;Solothurn;Oberdorf (SO)
4522;Solothurn;Rüttenen
4523;Solothurn;Riedholz
4524;Solothurn;Balm bei Günsberg, Günsberg
4525;Solothurn;Balm bei Günsberg
4528;Solothurn;Zuchwil
4532;Solothurn;Feldbrunnen-St. Niklaus
4533;Solothurn;Riedholz
4534;Solothurn;Flumenthal
4535;Solothurn;Hubersdorf, Kammersrohr
4536;Bern;Attiswil
4537;Bern;Wiedlisbach
4538;Bern;Oberbipp
4539;Bern;Farnern, Rumisberg
4542;Solothurn;Luterbach
4543;Solothurn;Deitingen
4552;Solothurn;Derendingen
4553;Solothurn;Subingen
4554;Solothurn;Etziken, Hüniken
4556;Solothurn;Aeschi (SO), Bolken
4557;Solothurn;Horriwil
4558;Solothurn;Drei Höfe
4562;Solothurn;Biberist
4563;Solothurn;Gerlafingen
4564;Solothurn;Obergerlafingen, Zielebach
4565;Solothurn;Recherswil
4566;Solothurn;Halten, Kriegstetten, Oekingen
4571;Solothurn;Lüterkofen-Ichertswil
4573;Solothurn;Lohn-Ammannsegg
4574;Solothurn;Lüsslingen-Nennigkofen
4576;Solothurn;Buchegg
4577;Solothurn;Buchegg
4578;Solothurn;Buchegg
4579;Solothurn;Buchegg
4581;Solothurn;Buchegg
4582;Solothurn;Buchegg
4583;Solothurn;Buchegg
4584;Solothurn;Lüterswil-Gächliwil
4585;Solothurn;Biezwil
4586;Solothurn;Buchegg
4587;Solothurn;Buchegg
4588;Solothurn;Buchegg, Messen, Unterramsern
4600;Solothurn;Olten
4612;Solothurn;Wangen bei Olten
4613;Solothurn;Rickenbach (SO)
4614;Solothurn;Hägendorf
4615;Solothurn;Hägendorf
4616;Solothurn;Kappel (SO)
4617;Solothurn;Gunzgen
4618;Solothurn;Boningen
4622;Solothurn;Egerkingen
4623;Solothurn;Neuendorf
4624;Solothurn;Härkingen
4625;Solothurn;Oberbuchsiten
4626;Solothurn;Niederbuchsiten
4628;Solothurn;Wolfwil
4629;Solothurn;Fulenbach
4632;Solothurn;Trimbach
4633;Solothurn;Hauenstein-Ifenthal
4634;Solothurn;Wisen (SO)
4652;Solothurn;Winznau
4653;Solothurn;Obergösgen
4654;Solothurn;Lostorf
4655;Solothurn;Rohr (SO), Stüsslingen
4656;Solothurn;Starrkirch-Wil
4657;Solothurn;Dulliken
4658;Solothurn;Däniken
4663;Aargau;Aarburg
4665;Aargau;Oftringen
4702;Solothurn;Oensingen
4703;Solothurn;Kestenholz
4704;Bern;Niederbipp, Wolfisberg
4710;Solothurn;Balsthal
4712;Solothurn;Laupersdorf
4713;Solothurn;Matzendorf
4714;Solothurn;Aedermannsdorf
4715;Solothurn;Herbetswil
4716;Solothurn;Gänsbrunnen, Welschenrohr
4717;Solothurn;Mümliswil-Ramiswil
4718;Solothurn;Holderbank (SO)
4719;Solothurn;Mümliswil-Ramiswil
4800;Aargau;Zofingen
4802;Aargau;Strengelbach
4803;Aargau;Vordemwald
4805;Aargau;Brittnau
4806;Luzern;Wikon
4812;Aargau;Zofingen
4813;Aargau;Uerkheim
4814;Aargau;Bottenwil
4852;Aargau;Rothrist
4853;Aargau;Murgenthal
4856;Aargau;Murgenthal
4900;Bern;Langenthal
4911;Bern;Schwarzhäusern
4912;Bern;Aarwangen
4913;Bern;Bannwil
4914;Bern;Roggwil (BE)
4915;Luzern;Pfaffnau
4916;Bern;Langenthal
4917;Bern;Busswil bei Melchnau, Melchnau
4919;Bern;Reisiswil
4922;Bern;Thunstetten
4923;Bern;Wynau
4924;Bern;Obersteckholz
4932;Bern;Madiswil, Lotzwil
4933;Bern;Rütschelen
4934;Bern;Madiswil
4935;Bern;Madiswil
4936;Bern;Madiswil
4937;Bern;Ursenbach
4938;Bern;Rohrbach, Rohrbachgraben
4942;Bern;Walterswil (BE)
4943;Bern;Oeschenbach
4944;Bern;Auswil
4950;Bern;Huttwil
4952;Bern;Eriswil
4953;Bern;Huttwil
4954;Bern;Wyssachen
4955;Bern;Gondiswil
5000;Aargau;Aarau
5004;Aargau;Aarau
5012;Solothurn;Eppenberg-Wöschnau, Schönenwerd
5013;Solothurn;Niedergösgen
5014;Solothurn;Gretzenbach
5015;Solothurn;Erlinsbach (SO)
5017;Aargau;Erlinsbach (AG)
5018;Aargau;Erlinsbach (AG)
5022;Aargau;Küttigen
5023;Aargau;Biberstein
5024;Aargau;Küttigen
5025;Aargau;Densbüren
5026;Aargau;Densbüren
5027;Aargau;Herznach
5028;Aargau;Ueken
5032;Aargau;Aarau
5033;Aargau;Buchs (AG)
5034;Aargau;Suhr
5035;Aargau;Unterentfelden
5036;Aargau;Oberentfelden
5037;Aargau;Muhen
5040;Aargau;Schöftland
5042;Aargau;Hirschthal
5043;Aargau;Holziken
5044;Aargau;Schlossrued
5046;Aargau;Schmiedrued
5053;Aargau;Staffelbach
5054;Aargau;Kirchleerau, Moosleerau
5056;Aargau;Attelwil
5057;Aargau;Reitnau
5058;Aargau;Wiliberg
5062;Aargau;Oberhof
5063;Aargau;Wölflinswil
5064;Aargau;Wittnau
5070;Aargau;Frick
5072;Aargau;Oeschgen
5073;Aargau;Gipf-Oberfrick
5074;Aargau;Eiken
5075;Aargau;Hornussen
5076;Aargau;Bözen
5077;Aargau;Elfingen
5078;Aargau;Effingen
5079;Aargau;Zeihen
5080;Aargau;Laufenburg
5082;Aargau;Kaisten
5083;Aargau;Kaisten
5084;Aargau;Laufenburg
5085;Aargau;Laufenburg
5102;Aargau;Rupperswil
5103;Aargau;Möriken-Wildegg
5105;Aargau;Auenstein
5106;Aargau;Veltheim (AG)
5107;Aargau;Schinznach
5108;Aargau;Schinznach
5112;Aargau;Thalheim (AG)
5113;Aargau;Holderbank (AG)
5116;Aargau;Schinznach-Bad
5200;Aargau;Brugg
5210;Aargau;Windisch
5212;Aargau;Hausen (AG)
5213;Aargau;Villnachern
5222;Aargau;Brugg
5223;Aargau;Riniken
5225;Aargau;Bözberg
5233;Aargau;Villigen
5234;Aargau;Villigen
5235;Aargau;Rüfenach
5236;Aargau;Remigen
5237;Aargau;Mönthal
5242;Aargau;Birr, Lupfig
5243;Aargau;Mülligen
5244;Aargau;Birrhard
5245;Aargau;Habsburg
5246;Aargau;Scherz
5272;Aargau;Gansingen
5273;Aargau;Mettauertal
5274;Aargau;Mettauertal
5275;Aargau;Mettauertal
5276;Aargau;Mettauertal
5277;Aargau;Mettauertal
5300;Aargau;Turgi
5301;Aargau;Untersiggenthal
5303;Aargau;Würenlingen
5304;Aargau;Endingen
5305;Aargau;Endingen
5306;Aargau;Tegerfelden
5312;Aargau;Döttingen
5313;Aargau;Klingnau
5314;Aargau;Böttstein
5315;Aargau;Böttstein
5316;Aargau;Leuggern
5317;Aargau;Leuggern
5318;Aargau;Mandach
5322;Aargau;Koblenz
5323;Aargau;Rietheim
5324;Aargau;Full-Reuenthal
5325;Aargau;Leibstadt
5326;Aargau;Schwaderloch
5330;Aargau;Bad Zurzach
5332;Aargau;Rekingen (AG)
5333;Aargau;Baldingen
5334;Aargau;Böbikon
5400;Aargau;Baden
5404;Aargau;Baden
5405;Aargau;Baden
5406;Aargau;Baden
5408;Aargau;Ennetbaden
5412;Aargau;Gebenstorf
5413;Aargau;Birmenstorf (AG)
5415;Aargau;Obersiggenthal
5416;Aargau;Obersiggenthal
5417;Aargau;Untersiggenthal
5420;Aargau;Ehrendingen
5423;Aargau;Freienwil
5425;Aargau;Schneisingen
5426;Aargau;Lengnau (AG)
5430;Aargau;Wettingen
5432;Aargau;Neuenhof
5436;Aargau;Würenlos
5442;Aargau;Fislisbach
5443;Aargau;Niederrohrdorf
5444;Aargau;Künten
5445;Aargau;Eggenwil
5452;Aargau;Oberrohrdorf
5453;Aargau;Remetschwil
5454;Aargau;Bellikon
5462;Aargau;Siglistorf
5463;Aargau;Wislikofen
5464;Aargau;Rümikon
5465;Aargau;Mellikon
5466;Aargau;Kaiserstuhl
5467;Aargau;Fisibach
5502;Aargau;Hunzenschwil
5503;Aargau;Schafisheim
5504;Aargau;Othmarsingen
5505;Aargau;Brunegg
5506;Aargau;Mägenwil
5507;Aargau;Mellingen
5512;Aargau;Wohlenschwil
5522;Aargau;Tägerig
5524;Aargau;Niederwil (AG)
5525;Aargau;Fischbach-Göslikon
5600;Aargau;Ammerswil, Lenzburg
5603;Aargau;Staufen
5604;Aargau;Hendschiken
5605;Aargau;Dottikon
5606;Aargau;Dintikon
5607;Aargau;Hägglingen
5608;Aargau;Stetten (AG)
5610;Aargau;Wohlen (AG)
5611;Aargau;Wohlen (AG)
5612;Aargau;Villmergen
5613;Aargau;Villmergen
5614;Aargau;Sarmenstorf
5615;Aargau;Fahrwangen
5616;Aargau;Meisterschwanden
5617;Aargau;Meisterschwanden
5618;Aargau;Bettwil
5619;Aargau;Büttikon, Uezwil
5620;Aargau;Bremgarten (AG)
5621;Aargau;Zufikon
5622;Aargau;Waltenschwil
5623;Aargau;Boswil
5624;Aargau;Bünzen
5625;Aargau;Kallern
5626;Aargau;Bremgarten (AG)
5627;Aargau;Besenbüren
5628;Aargau;Aristau
5630;Aargau;Muri (AG)
5632;Aargau;Buttwil
5634;Aargau;Merenschwand
5636;Aargau;Merenschwand
5637;Aargau;Beinwil (Freiamt), Geltwil
5642;Aargau;Mühlau
5643;Aargau;Sins
5644;Aargau;Auw
5645;Aargau;Sins
5646;Aargau;Abtwil
5647;Aargau;Oberrüti
5702;Aargau;Niederlenz
5703;Aargau;Seon
5704;Aargau;Egliswil
5705;Aargau;Hallwil
5706;Aargau;Boniswil
5707;Aargau;Seengen
5708;Aargau;Birrwil
5712;Aargau;Beinwil am See
5722;Aargau;Gränichen
5723;Aargau;Teufenthal (AG)
5724;Aargau;Dürrenäsch
5725;Aargau;Leutwil
5726;Aargau;Unterkulm
5727;Aargau;Oberkulm
5728;Aargau;Gontenschwil
5732;Aargau;Zetzwil
5733;Aargau;Leimbach (AG)
5734;Aargau;Reinach (AG)
5735;Luzern;Rickenbach (LU)
5736;Aargau;Burg (AG)
5737;Aargau;Menziken
5742;Aargau;Kölliken
5745;Aargau;Safenwil
5746;Solothurn;Walterswil (SO)
6003;Luzern;Luzern
6004;Luzern;Luzern
6005;Luzern;Luzern, Horw
6006;Luzern;Luzern
6010;Obwalden;Alpnach, Kriens
6012;Luzern;Kriens
6013;Luzern;Schwarzenberg
6014;Luzern;Luzern
6015;Luzern;Luzern
6016;Luzern;Neuenkirch
6017;Luzern;Ruswil
6018;Luzern;Buttisholz
6019;Luzern;Ruswil
6020;Luzern;Emmen
6022;Luzern;Grosswangen
6023;Luzern;Rothenburg
6024;Luzern;Hildisrieden
6025;Luzern;Beromünster
6026;Luzern;Rain
6027;Luzern;Römerswil
6028;Luzern;Römerswil
6030;Luzern;Ebikon
6032;Luzern;Emmen
6033;Luzern;Buchrain
6034;Luzern;Inwil
6035;Luzern;Buchrain
6036;Luzern;Dierikon
6037;Luzern;Root
6038;Luzern;Gisikon, Honau
6039;Luzern;Root
6042;Aargau;Dietwil
6043;Luzern;Adligenswil
6044;Luzern;Udligenswil
6045;Luzern;Meggen
6047;Luzern;Horw
6048;Luzern;Horw
6052;Nidwalden;Hergiswil (NW)
6053;Obwalden;Alpnach
6055;Obwalden;Alpnach
6056;Obwalden;Sarnen
6060;Obwalden;Sarnen
6062;Obwalden;Sarnen
6063;Obwalden;Sarnen
6064;Obwalden;Kerns
6066;Obwalden;Kerns
6067;Obwalden;Kerns
6068;Obwalden;Kerns
6072;Obwalden;Sachseln
6073;Obwalden;Sachseln
6074;Obwalden;Giswil
6078;Obwalden;Lungern
6083;Bern;Hasliberg
6084;Bern;Hasliberg
6085;Bern;Hasliberg
6086;Bern;Hasliberg
6102;Luzern;Malters
6103;Luzern;Schwarzenberg
6105;Luzern;Werthenstein
6106;Luzern;Werthenstein
6110;Luzern;Wolhusen
6112;Luzern;Doppleschwand
6113;Luzern;Romoos
6114;Luzern;Wolhusen
6122;Luzern;Menznau
6123;Luzern;Menznau
6125;Luzern;Menznau
6126;Luzern;Willisau
6130;Luzern;Willisau
6132;Luzern;Willisau
6133;Luzern;Hergiswil bei Willisau
6142;Luzern;Gettnau
6143;Luzern;Schötz
6144;Luzern;Zell (LU)
6145;Luzern;Fischbach
6146;Luzern;Grossdietwil
6147;Luzern;Altbüron
6152;Luzern;Zell (LU)
6153;Luzern;Ufhusen
6154;Luzern;Luthern
6156;Luzern;Luthern
6162;Luzern;Entlebuch
6163;Luzern;Entlebuch
6166;Luzern;Hasle (LU)
6167;Luzern;Romoos
6170;Luzern;Schüpfheim
6173;Luzern;Flühli
6174;Luzern;Flühli
6182;Luzern;Escholzmatt-Marbach
6192;Luzern;Escholzmatt-Marbach
6196;Luzern;Escholzmatt-Marbach
6197;Bern;Schangnau
6203;Luzern;Neuenkirch
6204;Luzern;Sempach
6205;Luzern;Eich
6206;Luzern;Neuenkirch
6207;Luzern;Nottwil
6208;Luzern;Oberkirch
6210;Luzern;Sursee
6211;Luzern;Dagmersellen
6212;Luzern;Mauensee, Knutwil
6213;Luzern;Knutwil
6214;Luzern;Schenkon
6215;Luzern;Beromünster
6216;Luzern;Mauensee
6217;Luzern;Ettiswil
6218;Luzern;Ettiswil
6221;Luzern;Rickenbach (LU)
6222;Luzern;Beromünster
6231;Luzern;Schlierbach
6232;Luzern;Geuensee
6233;Luzern;Büron
6234;Luzern;Triengen
6235;Luzern;Triengen
6236;Luzern;Triengen
6242;Luzern;Wauwil
6243;Luzern;Egolzwil
6244;Luzern;Nebikon
6245;Luzern;Ebersecken
6246;Luzern;Altishofen
6247;Luzern;Schötz
6248;Luzern;Alberswil
6252;Luzern;Dagmersellen
6253;Luzern;Dagmersellen
6260;Luzern;Wikon, Reiden
6262;Luzern;Reiden
6263;Luzern;Reiden
6264;Luzern;Pfaffnau
6265;Luzern;Roggliswil
6274;Luzern;Eschenbach (LU)
6275;Luzern;Ballwil
6276;Luzern;Hohenrain
6277;Luzern;Hohenrain
6280;Luzern;Hochdorf
6283;Luzern;Hochdorf
6284;Luzern;Hitzkirch
6285;Luzern;Hitzkirch
6286;Luzern;Altwis
6287;Luzern;Aesch (LU)
6288;Luzern;Schongau
6289;Luzern;Hitzkirch
6294;Luzern;Ermensee
6295;Luzern;Hitzkirch
6300;Zug;Zug
6312;Zug;Steinhausen
6313;Zug;Menzingen
6314;Zug;Unterägeri
6315;Zug;Oberägeri
6317;Zug;Zug
6318;Zug;Walchwil
6319;Zug;Baar
6330;Zug;Cham
6331;Zug;Hünenberg
6332;Zug;Cham
6333;Zug;Hünenberg
6340;Zug;Baar, Neuheim
6343;Zug;Risch
6344;Luzern;Meierskappel
6345;Zug;Neuheim
6353;Luzern;Weggis
6354;Luzern;Vitznau
6356;Luzern;Weggis
6362;Nidwalden;Stansstad
6363;Nidwalden;Ennetbürgen, Stansstad
6365;Nidwalden;Stansstad
6370;Nidwalden;Oberdorf (NW), Stans
6372;Nidwalden;Ennetmoos
6373;Nidwalden;Ennetbürgen
6374;Nidwalden;Buochs
6375;Nidwalden;Beckenried
6376;Nidwalden;Emmetten
6377;Uri;Seelisberg
6382;Nidwalden;Oberdorf (NW)
6383;Nidwalden;Dallenwil, Oberdorf (NW)
6386;Nidwalden;Wolfenschiessen
6387;Nidwalden;Wolfenschiessen
6388;Obwalden;Engelberg
6390;Obwalden;Engelberg
6402;Schwyz;Küssnacht (SZ)
6403;Schwyz;Küssnacht (SZ)
6404;Luzern;Greppen
6405;Schwyz;Küssnacht (SZ)
6410;Schwyz;Arth, Gersau
6414;Schwyz;Arth
6415;Schwyz;Arth
6416;Schwyz;Steinerberg
6417;Schwyz;Sattel
6418;Schwyz;Rothenthurm
6422;Schwyz;Steinen
6423;Schwyz;Schwyz
6424;Schwyz;Lauerz
6430;Schwyz;Schwyz
6432;Schwyz;Schwyz
6433;Schwyz;Morschach
6434;Schwyz;Illgau
6436;Schwyz;Muotathal
6438;Schwyz;Schwyz
6440;Schwyz;Ingenbohl
6441;Uri;Seelisberg
6442;Schwyz;Gersau
6443;Schwyz;Morschach
6452;Schwyz;Riemenstalden, Sisikon
6454;Uri;Flüelen
6460;Uri;Altdorf (UR)
6461;Uri;Isenthal
6462;Uri;Seedorf (UR)
6463;Uri;Bürglen (UR)
6464;Uri;Spiringen
6465;Uri;Unterschächen
6466;Uri;Bauen
6467;Uri;Schattdorf
6468;Uri;Attinghausen
6469;Uri;Schattdorf
6472;Uri;Erstfeld
6473;Uri;Silenen
6474;Uri;Silenen
6475;Uri;Silenen
6476;Uri;Gurtnellen
6482;Uri;Gurtnellen
6484;Uri;Wassen
6485;Uri;Wassen
6487;Uri;Göschenen
6490;Uri;Andermatt
6491;Uri;Realp
6493;Uri;Hospental
6500;Tessin;Bellinzona
6503;Tessin;Bellinzona
6512;Tessin;Giubiasco
6513;Tessin;Monte Carasso
6514;Tessin;Sementina
6515;Tessin;Gudo
6516;Tessin;Cugnasco-Gerra
6517;Tessin;Arbedo-Castione
6518;Tessin;Gorduno
6523;Tessin;Preonzo
6524;Tessin;Moleno
6525;Tessin;Gnosca
6526;Tessin;Lodrino
6527;Tessin;Lodrino
6528;Tessin;Camorino
6532;Tessin;Arbedo-Castione
6533;Tessin;Lumino
6534;Graubünden;San Vittore
6535;Graubünden;Roveredo (GR)
6537;Graubünden;Grono
6538;Graubünden;Verdabbio
6540;Graubünden;Castaneda
6541;Graubünden;Santa Maria in Calanca
6542;Graubünden;Buseno
6543;Graubünden;Calanca
6544;Graubünden;Calanca
6545;Graubünden;Calanca
6546;Graubünden;Calanca
6547;Graubünden;Rossa
6548;Graubünden;Rossa
6549;Graubünden;Roveredo (GR)
6556;Graubünden;Leggia
6557;Graubünden;Cama
6558;Graubünden;Lostallo
6562;Graubünden;Soazza
6563;Graubünden;Mesocco
6565;Graubünden;Mesocco
6571;Tessin;Gambarogno
6572;Tessin;Gambarogno
6573;Tessin;Gambarogno
6574;Tessin;Gambarogno
6575;Tessin;Gambarogno
6576;Tessin;Gambarogno
6577;Tessin;Gambarogno
6578;Tessin;Gambarogno
6579;Tessin;Gambarogno
6582;Tessin;Pianezzo
6583;Tessin;Sant'Antonio
6584;Tessin;Sant'Antonio
6592;Tessin;Sant'Antonino
6593;Tessin;Cadenazzo
6594;Tessin;Gambarogno
6595;Tessin;Lavertezzo
6596;Tessin;Gordola
6597;Tessin;Cugnasco-Gerra
6598;Tessin;Tenero-Contra
6599;Tessin;Cadenazzo
6600;Tessin;Locarno, Muralto
6605;Tessin;Locarno
6611;Tessin;Onsernone
6612;Tessin;Ascona
6613;Tessin;Ronco sopra Ascona
6614;Tessin;Brissago
6616;Tessin;Losone
6618;Tessin;Losone
6622;Tessin;Ronco sopra Ascona
6631;Tessin;Corippo
6632;Tessin;Vogorno
6633;Tessin;Lavertezzo
6634;Tessin;Brione (Verzasca)
6635;Tessin;Cugnasco-Gerra
6636;Tessin;Frasco
6637;Tessin;Sonogno
6644;Tessin;Orselina
6645;Tessin;Brione sopra Minusio
6646;Tessin;Tenero-Contra
6647;Tessin;Mergoscia
6648;Tessin;Minusio
6652;Tessin;Terre di Pedemonte
6653;Tessin;Terre di Pedemonte
6654;Tessin;Terre di Pedemonte
6655;Tessin;Centovalli
6656;Tessin;Centovalli
6657;Tessin;Centovalli
6658;Tessin;Centovalli
6659;Tessin;Centovalli
6661;Tessin;Onsernone
6662;Tessin;Onsernone
6663;Tessin;Onsernone
6664;Tessin;Onsernone
6670;Tessin;Avegno Gordevio
6672;Tessin;Avegno Gordevio
6673;Tessin;Maggia
6674;Tessin;Maggia
6675;Tessin;Cevio
6676;Tessin;Cevio
6677;Tessin;Maggia
6678;Tessin;Maggia
6682;Tessin;Linescio
6683;Tessin;Cerentino, Campo (Vallemaggia)
6684;Tessin;Campo (Vallemaggia)
6685;Tessin;Bosco/Gurin
6690;Tessin;Cevio
6692;Tessin;Lavizzara
6693;Tessin;Lavizzara
6694;Tessin;Lavizzara
6695;Tessin;Lavizzara
6696;Tessin;Lavizzara
6702;Tessin;Claro
6703;Tessin;Osogna
6705;Tessin;Cresciano
6707;Tessin;Iragna
6710;Tessin;Biasca
6713;Tessin;Serravalle
6714;Tessin;Serravalle
6715;Tessin;Acquarossa
6716;Tessin;Acquarossa
6717;Tessin;Blenio
6718;Tessin;Blenio
6719;Tessin;Blenio
6720;Tessin;Blenio
6721;Tessin;Serravalle, Acquarossa
6722;Tessin;Acquarossa
6723;Tessin;Acquarossa
6724;Tessin;Acquarossa
6742;Tessin;Pollegio
6743;Tessin;Bodio
6744;Tessin;Personico
6745;Tessin;Giornico
6746;Tessin;Faido
6747;Tessin;Faido
6748;Tessin;Faido
6749;Tessin;Faido
6760;Tessin;Faido
6763;Tessin;Faido
6764;Tessin;Faido
6772;Tessin;Prato (Leventina)
6773;Tessin;Prato (Leventina)
6774;Tessin;Dalpe
6775;Tessin;Quinto
6776;Tessin;Quinto
6777;Tessin;Quinto
6780;Tessin;Airolo
6781;Tessin;Bedretto
6802;Tessin;Monteceneri
6803;Tessin;Monteceneri
6804;Tessin;Monteceneri
6805;Tessin;Mezzovico-Vira
6806;Tessin;Monteceneri
6807;Tessin;Capriasca, Torricella-Taverne
6808;Tessin;Torricella-Taverne
6809;Tessin;Comunanza Cadenazzo/Montecener, Monteceneri
6810;Tessin;Isone
6814;Tessin;Cadempino, Lamone
6815;Tessin;Melide
6816;Tessin;Bissone
6817;Tessin;Maroggia
6818;Tessin;Melano
6821;Tessin;Rovio
6822;Tessin;Arogno
6823;Tessin;Arogno
6825;Tessin;Mendrisio, Rovio
6826;Tessin;Riva San Vitale
6827;Tessin;Brusino Arsizio
6828;Tessin;Balerna
6830;Tessin;Chiasso
6832;Tessin;Chiasso
6833;Tessin;Vacallo
6834;Tessin;Morbio Inferiore
6835;Tessin;Breggia
6837;Tessin;Breggia
6838;Tessin;Breggia
6839;Tessin;Breggia
6850;Tessin;Mendrisio
6852;Tessin;Mendrisio
6853;Tessin;Mendrisio
6854;Tessin;Stabio
6855;Tessin;Stabio
6862;Tessin;Mendrisio
6863;Tessin;Mendrisio
6864;Tessin;Mendrisio
6865;Tessin;Mendrisio
6866;Tessin;Mendrisio
6867;Tessin;Brusino Arsizio
6872;Tessin;Mendrisio
6873;Tessin;Castel San Pietro
6874;Tessin;Castel San Pietro
6875;Tessin;Castel San Pietro
6877;Tessin;Coldrerio
6883;Tessin;Novazzano
6900;Tessin;Lugano, Massagno, Paradiso
6912;Tessin;Lugano
6913;Tessin;Lugano
6914;Tessin;Lugano
6915;Tessin;Lugano
6916;Tessin;Grancia
6917;Tessin;Lugano
6918;Tessin;Lugano
6919;Tessin;Collina d'Oro
6921;Tessin;Vico Morcote
6922;Tessin;Morcote
6924;Tessin;Sorengo
6925;Tessin;Collina d'Oro
6926;Tessin;Collina d'Oro
6927;Tessin;Collina d'Oro
6928;Tessin;Manno
6929;Tessin;Gravesano
6930;Tessin;Bedano
6932;Tessin;Lugano
6933;Tessin;Muzzano
6934;Tessin;Bioggio
6935;Tessin;Bioggio
6936;Tessin;Cademario
6937;Tessin;Alto Malcantone
6938;Tessin;Alto Malcantone
6939;Tessin;Alto Malcantone
6942;Tessin;Savosa
6943;Tessin;Vezia
6944;Tessin;Cureglia
6945;Tessin;Origlio
6946;Tessin;Ponte Capriasca
6947;Tessin;Capriasca
6948;Tessin;Porza
6949;Tessin;Comano
6950;Tessin;Capriasca
6951;Tessin;Lugano
6952;Tessin;Canobbio
6953;Tessin;Capriasca
6954;Tessin;Capriasca
6955;Tessin;Capriasca
6956;Tessin;Capriasca
6957;Tessin;Capriasca
6958;Tessin;Capriasca
6959;Tessin;Lugano
6960;Tessin;Capriasca
6962;Tessin;Lugano
6963;Tessin;Lugano
6964;Tessin;Lugano
6965;Tessin;Lugano
6966;Tessin;Lugano
6967;Tessin;Lugano
6968;Tessin;Lugano
6974;Tessin;Lugano
6976;Tessin;Lugano
6977;Tessin;Lugano
6978;Tessin;Lugano
6979;Tessin;Lugano
6980;Tessin;Croglio
6981;Tessin;Bedigliora, Croglio, Curio
6982;Tessin;Agno
6983;Tessin;Magliaso
6984;Tessin;Pura
6986;Tessin;Curio, Miglieglia, Novaggio
6987;Tessin;Caslano
6988;Tessin;Ponte Tresa
6989;Tessin;Croglio
6990;Tessin;Agno
6991;Tessin;Neggio
6992;Tessin;Bioggio, Vernate
6993;Tessin;Bioggio
6994;Tessin;Aranno
6995;Tessin;Croglio, Monteggio
6996;Tessin;Monteggio
6997;Tessin;Sessa
6998;Tessin;Monteggio
6999;Tessin;Astano
7000;Graubünden;Chur
7012;Graubünden;Felsberg
7013;Graubünden;Domat/Ems
7014;Graubünden;Trin
7015;Graubünden;Tamins
7016;Graubünden;Trin
7017;Graubünden;Flims
7018;Graubünden;Flims
7019;Graubünden;Flims
7023;Graubünden;Haldenstein
7026;Graubünden;Maladers
7027;Graubünden;Arosa
7028;Graubünden;Arosa
7029;Graubünden;Arosa
7031;Graubünden;Laax
7032;Graubünden;Laax
7050;Graubünden;Arosa
7056;Graubünden;Arosa
7057;Graubünden;Arosa
7058;Graubünden;Arosa
7062;Graubünden;Churwalden
7063;Graubünden;Tschiertschen-Praden
7064;Graubünden;Tschiertschen-Praden
7074;Graubünden;Churwalden
7075;Graubünden;Churwalden
7076;Graubünden;Churwalden
7077;Graubünden;Vaz/Obervaz
7078;Graubünden;Vaz/Obervaz
7082;Graubünden;Vaz/Obervaz
7083;Graubünden;Lantsch/Lenz
7084;Graubünden;Albula/Alvra
7104;Graubünden;Safiental
7106;Graubünden;Safiental
7107;Graubünden;Safiental
7109;Graubünden;Safiental
7110;Graubünden;Lumnezia
7111;Graubünden;Ilanz/Glion
7112;Graubünden;Ilanz/Glion
7113;Graubünden;Lumnezia
7114;Graubünden;Lumnezia
7115;Graubünden;Lumnezia
7116;Graubünden;Vals, Lumnezia
7122;Graubünden;Safiental
7126;Graubünden;Ilanz/Glion
7127;Graubünden;Ilanz/Glion
7128;Graubünden;Ilanz/Glion
7130;Graubünden;Ilanz/Glion
7132;Graubünden;Vals
7134;Graubünden;Obersaxen-Mundaun
7137;Graubünden;Obersaxen-Mundaun
7138;Graubünden;Obersaxen-Mundaun
7141;Graubünden;Ilanz/Glion
7142;Graubünden;Lumnezia
7143;Graubünden;Lumnezia
7144;Graubünden;Lumnezia
7145;Graubünden;Lumnezia
7146;Graubünden;Lumnezia
7147;Graubünden;Lumnezia
7148;Graubünden;Lumnezia
7149;Graubünden;Lumnezia
7151;Graubünden;Schluein
7152;Graubünden;Sagogn
7153;Graubünden;Falera
7154;Graubünden;Ilanz/Glion
7155;Graubünden;Ilanz/Glion
7156;Graubünden;Ilanz/Glion
7157;Graubünden;Ilanz/Glion
7158;Graubünden;Waltensburg/Vuorz
7159;Graubünden;Andiast
7162;Graubünden;Breil/Brigels
7163;Graubünden;Breil/Brigels
7164;Graubünden;Breil/Brigels
7165;Graubünden;Breil/Brigels
7166;Graubünden;Trun
7167;Graubünden;Trun
7168;Graubünden;Trun
7172;Graubünden;Sumvitg
7173;Graubünden;Sumvitg
7174;Graubünden;Sumvitg
7175;Graubünden;Sumvitg
7176;Graubünden;Sumvitg
7180;Graubünden;Disentis/Mustér
7182;Graubünden;Disentis/Mustér
7183;Graubünden;Disentis/Mustér
7184;Graubünden;Medel (Lucmagn)
7185;Graubünden;Medel (Lucmagn)
7186;Graubünden;Disentis/Mustér
7187;Graubünden;Tujetsch
7188;Graubünden;Tujetsch
7189;Graubünden;Tujetsch
7202;Graubünden;Trimmis
7203;Graubünden;Trimmis
7204;Graubünden;Untervaz
7205;Graubünden;Zizers
7206;Graubünden;Landquart
7208;Graubünden;Malans
7212;Graubünden;Seewis im Prättigau
7213;Graubünden;Grüsch
7214;Graubünden;Grüsch
7215;Graubünden;Grüsch
7220;Graubünden;Schiers
7222;Graubünden;Schiers
7223;Graubünden;Luzein
7224;Graubünden;Luzein
7226;Graubünden;Schiers
7228;Graubünden;Schiers
7231;Graubünden;Jenaz
7232;Graubünden;Furna
7233;Graubünden;Jenaz
7235;Graubünden;Fideris
7240;Graubünden;Küblis
7241;Graubünden;Conters im Prättigau
7242;Graubünden;Luzein
7243;Graubünden;Luzein
7244;Graubünden;Luzein
7245;Graubünden;Luzein
7246;Graubünden;Luzein
7247;Graubünden;Klosters-Serneus
7249;Graubünden;Klosters-Serneus
7250;Graubünden;Klosters-Serneus
7252;Graubünden;Klosters-Serneus
7260;Graubünden;Davos
7265;Graubünden;Davos
7270;Graubünden;Davos
7272;Graubünden;Davos
7276;Graubünden;Davos
7277;Graubünden;Davos
7278;Graubünden;Davos
7302;Graubünden;Landquart
7303;Graubünden;Landquart
7304;Graubünden;Maienfeld
7306;Graubünden;Fläsch
7307;Graubünden;Jenins
7310;St. Gallen;Bad Ragaz, Pfäfers
7312;St. Gallen;Pfäfers
7313;St. Gallen;Pfäfers
7314;St. Gallen;Pfäfers
7315;St. Gallen;Pfäfers
7317;St. Gallen;Pfäfers
7320;St. Gallen;Sargans
7323;St. Gallen;Vilters-Wangs
7324;St. Gallen;Vilters-Wangs
7325;St. Gallen;Mels
7326;St. Gallen;Mels
7402;Graubünden;Bonaduz
7403;Graubünden;Rhäzüns
7404;Graubünden;Domleschg
7405;Graubünden;Rothenbrunnen
7407;Graubünden;Domleschg
7408;Graubünden;Cazis
7411;Graubünden;Sils im Domleschg
7412;Graubünden;Scharans
7413;Graubünden;Fürstenau
7414;Graubünden;Fürstenau
7415;Graubünden;Domleschg
7416;Graubünden;Domleschg
7417;Graubünden;Domleschg
7418;Graubünden;Domleschg
7419;Graubünden;Domleschg
7421;Graubünden;Cazis
7422;Graubünden;Cazis
7423;Graubünden;Cazis
7424;Graubünden;Cazis
7425;Graubünden;Masein
7426;Graubünden;Flerden
7427;Graubünden;Urmein
7428;Graubünden;Tschappina
7430;Graubünden;Rongellen, Thusis
7431;Graubünden;Mutten
7432;Graubünden;Zillis-Reischen
7433;Graubünden;Donat, Lohn (GR), Mathon, Casti-Wergenstein
7434;Graubünden;Sufers
7435;Graubünden;Splügen
7436;Graubünden;Splügen
7437;Graubünden;Nufenen
7438;Graubünden;Hinterrhein
7440;Graubünden;Andeer
7442;Graubünden;Andeer
7443;Graubünden;Andeer
7444;Graubünden;Ferrera
7445;Graubünden;Ferrera
7446;Graubünden;Avers
7447;Graubünden;Avers
7448;Graubünden;Avers
7450;Graubünden;Albula/Alvra
7451;Graubünden;Albula/Alvra
7452;Graubünden;Surses
7453;Graubünden;Surses
7454;Graubünden;Surses
7455;Graubünden;Surses
7456;Graubünden;Surses
7457;Graubünden;Surses
7458;Graubünden;Albula/Alvra
7459;Graubünden;Albula/Alvra
7460;Graubünden;Surses
7462;Graubünden;Surses
7463;Graubünden;Surses
7464;Graubünden;Surses
7472;Graubünden;Albula/Alvra
7473;Graubünden;Albula/Alvra
7477;Graubünden;Filisur
7482;Graubünden;Bergün/Bravuogn
7484;Graubünden;Bergün/Bravuogn
7492;Graubünden;Albula/Alvra
7493;Graubünden;Schmitten (GR)
7494;Graubünden;Davos
7500;Graubünden;St. Moritz
7502;Graubünden;Bever
7503;Graubünden;Samedan
7504;Graubünden;Pontresina
7505;Graubünden;Celerina/Schlarigna
7512;Graubünden;Silvaplana
7513;Graubünden;Silvaplana
7514;Graubünden;Sils im Engadin/Segl
7515;Graubünden;Sils im Engadin/Segl
7516;Graubünden;Bregaglia
7517;Graubünden;Sils im Engadin/Segl
7522;Graubünden;La Punt-Chamues-ch
7523;Graubünden;Madulain
7524;Graubünden;Zuoz
7525;Graubünden;S-chanf
7526;Graubünden;S-chanf
7527;Graubünden;Zernez
7530;Graubünden;Zernez
7532;Graubünden;Val Müstair
7533;Graubünden;Val Müstair
7534;Graubünden;Val Müstair
7535;Graubünden;Val Müstair
7536;Graubünden;Val Müstair
7537;Graubünden;Val Müstair
7542;Graubünden;Zernez
7543;Graubünden;Zernez
7545;Graubünden;Scuol
7546;Graubünden;Scuol
7550;Graubünden;Scuol
7551;Graubünden;Scuol
7552;Graubünden;Scuol
7553;Graubünden;Scuol
7554;Graubünden;Scuol
7556;Graubünden;Valsot
7557;Graubünden;Valsot
7558;Graubünden;Valsot
7559;Graubünden;Valsot
7560;Graubünden;Valsot
7562;Graubünden;Samnaun
7563;Graubünden;Samnaun
7602;Graubünden;Bregaglia
7603;Graubünden;Bregaglia
7604;Graubünden;Bregaglia
7605;Graubünden;Bregaglia
7606;Graubünden;Bregaglia
7608;Graubünden;Bregaglia
7610;Graubünden;Bregaglia
7710;Graubünden;Poschiavo
7741;Graubünden;Poschiavo
7742;Graubünden;Poschiavo
7743;Graubünden;Brusio, Poschiavo
7744;Graubünden;Brusio
7745;Graubünden;Poschiavo
7746;Graubünden;Poschiavo
7747;Graubünden;Brusio
7748;Graubünden;Brusio
8001;Zürich;Zürich
8002;Zürich;Zürich
8003;Zürich;Zürich
8004;Zürich;Zürich
8005;Zürich;Zürich
8006;Zürich;Zürich
8008;Zürich;Zürich
8032;Zürich;Zürich
8037;Zürich;Zürich
8038;Zürich;Zürich
8041;Zürich;Zürich
8044;Zürich;Dübendorf, Zürich
8045;Zürich;Zürich
8046;Zürich;Zürich
8047;Zürich;Zürich
8048;Zürich;Zürich
8049;Zürich;Zürich
8050;Zürich;Zürich
8051;Zürich;Zürich
8052;Zürich;Zürich
8053;Zürich;Zürich
8055;Zürich;Zürich
8057;Zürich;Zürich
8064;Zürich;Zürich
8102;Zürich;Oberengstringen
8103;Zürich;Unterengstringen
8104;Zürich;Weiningen (ZH)
8105;Zürich;Regensdorf
8106;Zürich;Regensdorf
8107;Zürich;Buchs (ZH)
8108;Zürich;Dällikon
8109;Aargau;Würenlos
8112;Zürich;Otelfingen
8113;Zürich;Boppelsen
8114;Zürich;Dänikon
8115;Zürich;Hüttikon
8117;Zürich;Fällanden
8118;Zürich;Fällanden
8121;Zürich;Fällanden
8122;Zürich;Maur
8123;Zürich;Maur
8124;Zürich;Maur
8125;Zürich;Zollikon
8126;Zürich;Zumikon
8127;Zürich;Küsnacht (ZH)
8132;Zürich;Egg
8133;Zürich;Egg
8134;Zürich;Adliswil
8135;Zürich;Langnau am Albis, Horgen
8136;Zürich;Thalwil
8142;Zürich;Uitikon
8143;Zürich;Stallikon
8152;Zürich;Opfikon
8153;Zürich;Rümlang
8154;Zürich;Oberglatt
8155;Zürich;Niederhasli
8156;Zürich;Niederhasli
8157;Zürich;Dielsdorf
8158;Zürich;Regensberg
8162;Zürich;Steinmaur
8164;Zürich;Bachs
8165;Zürich;Oberweningen, Schleinikon, Schöfflisdorf
8166;Zürich;Niederweningen
8172;Zürich;Niederglatt
8173;Zürich;Neerach
8174;Zürich;Stadel
8175;Zürich;Stadel
8180;Zürich;Bülach
8181;Zürich;Höri
8182;Zürich;Hochfelden
8184;Zürich;Bachenbülach
8185;Zürich;Winkel
8187;Zürich;Weiach
8192;Zürich;Glattfelden
8193;Zürich;Eglisau
8194;Zürich;Hüntwangen
8195;Zürich;Wasterkingen
8196;Zürich;Wil (ZH)
8197;Zürich;Rafz
8200;Schaffhausen;Schaffhausen
8203;Schaffhausen;Schaffhausen
8207;Schaffhausen;Schaffhausen
8208;Schaffhausen;Schaffhausen
8212;Schaffhausen;Neuhausen am Rheinfall, Laufen-Uhwiesen
8213;Schaffhausen;Neunkirch
8214;Schaffhausen;Gächlingen
8215;Schaffhausen;Hallau
8216;Schaffhausen;Oberhallau
8217;Schaffhausen;Wilchingen
8218;Schaffhausen;Wilchingen
8219;Schaffhausen;Trasadingen
8222;Schaffhausen;Beringen
8223;Schaffhausen;Beringen
8224;Schaffhausen;Löhningen
8225;Schaffhausen;Siblingen
8226;Schaffhausen;Schleitheim
8228;Schaffhausen;Beggingen
8231;Schaffhausen;Schaffhausen
8232;Schaffhausen;Merishausen
8233;Schaffhausen;Bargen (SH)
8234;Schaffhausen;Stetten (SH)
8235;Schaffhausen;Lohn (SH)
8236;Schaffhausen;Büttenhardt, Thayngen
8239;Schaffhausen;Dörflingen
8240;Schaffhausen;Thayngen
8241;Schaffhausen;Thayngen
8242;Schaffhausen;Thayngen
8243;Schaffhausen;Thayngen
8245;Zürich;Feuerthalen
8246;Zürich;Feuerthalen
8247;Zürich;Flurlingen
8248;Zürich;Laufen-Uhwiesen
8252;Thurgau;Schlatt (TG)
8253;Thurgau;Diessenhofen
8254;Thurgau;Basadingen-Schlattingen
8255;Thurgau;Basadingen-Schlattingen
8259;Thurgau;Wagenhausen
8260;Schaffhausen;Stein am Rhein
8261;Schaffhausen;Hemishofen
8262;Schaffhausen;Ramsen
8263;Schaffhausen;Buch (SH)
8264;Thurgau;Eschenz
8265;Thurgau;Mammern
8266;Thurgau;Steckborn
8267;Thurgau;Berlingen
8268;Thurgau;Salenstein
8269;Thurgau;Salenstein
8272;Thurgau;Ermatingen
8273;Thurgau;Ermatingen
8274;Thurgau;Gottlieben, Tägerwilen
8280;Thurgau;Kreuzlingen
8302;Zürich;Kloten
8303;Zürich;Bassersdorf
8304;Zürich;Wallisellen
8305;Zürich;Dietlikon
8306;Zürich;Wangen-Brüttisellen
8307;Zürich;Illnau-Effretikon
8308;Zürich;Illnau-Effretikon
8309;Zürich;Nürensdorf
8310;Zürich;Lindau
8311;Zürich;Brütten
8312;Zürich;Lindau
8314;Zürich;Illnau-Effretikon
8315;Zürich;Lindau
8317;Zürich;Lindau
8320;Zürich;Fehraltorf
8322;Zürich;Russikon
8330;Zürich;Pfäffikon
8331;Zürich;Pfäffikon
8332;Zürich;Russikon
8335;Zürich;Hittnau
8340;Zürich;Hinwil
8342;Zürich;Hinwil
8344;Zürich;Bäretswil
8345;Zürich;Bäretswil
8352;Zürich;Elsau, Winterthur
8353;Zürich;Elgg
8354;Zürich;Hofstetten (ZH)
8355;Thurgau;Aadorf
8356;Thurgau;Aadorf
8357;Thurgau;Aadorf
8360;Thurgau;Eschlikon
8362;Thurgau;Bichelsee-Balterswil
8363;Thurgau;Bichelsee-Balterswil
8370;Thurgau;Sirnach
8371;Thurgau;Sirnach
8372;Thurgau;Sirnach
8374;Thurgau;Fischingen
8376;Thurgau;Fischingen
8400;Zürich;Winterthur
8404;Zürich;Winterthur
8405;Zürich;Winterthur
8406;Zürich;Winterthur
8408;Zürich;Winterthur
8409;Zürich;Winterthur
8412;Zürich;Neftenbach
8413;Zürich;Neftenbach
8414;Zürich;Buch am Irchel
8415;Zürich;Berg am Irchel
8416;Zürich;Flaach
8418;Zürich;Schlatt (ZH)
8421;Zürich;Dättlikon
8422;Zürich;Pfungen
8424;Zürich;Embrach
8425;Zürich;Oberembrach
8426;Zürich;Lufingen
8427;Zürich;Freienstein-Teufen, Rorbas
8428;Zürich;Freienstein-Teufen
8442;Zürich;Hettlingen
8444;Zürich;Henggart
8447;Zürich;Dachsen
8450;Zürich;Andelfingen
8451;Zürich;Kleinandelfingen
8452;Zürich;Adlikon
8453;Zürich;Kleinandelfingen
8454;Schaffhausen;Buchberg
8455;Schaffhausen;Rüdlingen
8457;Zürich;Humlikon
8458;Zürich;Dorf
8459;Zürich;Volken
8460;Zürich;Marthalen
8461;Zürich;Kleinandelfingen
8462;Zürich;Rheinau
8463;Zürich;Benken (ZH)
8464;Zürich;Marthalen
8465;Zürich;Trüllikon
8466;Zürich;Trüllikon
8467;Zürich;Truttikon
8468;Zürich;Waltalingen
8471;Zürich;Dägerlen
8472;Zürich;Seuzach
8474;Zürich;Dinhard
8475;Zürich;Ossingen
8476;Zürich;Unterstammheim
8477;Zürich;Oberstammheim
8478;Zürich;Thalheim an der Thur
8479;Zürich;Altikon
8482;Zürich;Winterthur
8483;Zürich;Zell (ZH)
8484;Zürich;Weisslingen
8486;Zürich;Zell (ZH)
8487;Zürich;Zell (ZH)
8488;Zürich;Turbenthal
8489;Zürich;Wildberg
8492;Zürich;Wila
8493;Zürich;Bauma
8494;Zürich;Bauma
8495;Zürich;Turbenthal
8496;Zürich;Fischenthal
8497;Zürich;Fischenthal
8498;Zürich;Fischenthal
8499;Zürich;Bauma
8500;Thurgau;Frauenfeld
8505;Thurgau;Pfyn
8506;Thurgau;Herdern
8507;Thurgau;Homburg
8508;Thurgau;Homburg
8512;Thurgau;Thundorf
8514;Thurgau;Amlikon-Bissegg
8522;Thurgau;Aadorf
8523;Zürich;Hagenbuch
8524;Thurgau;Uesslingen-Buch
8525;Thurgau;Neunforn
8526;Thurgau;Neunforn
8532;Thurgau;Warth-Weiningen
8535;Thurgau;Herdern
8536;Thurgau;Hüttwilen
8537;Thurgau;Hüttwilen
8542;Zürich;Wiesendangen
8543;Zürich;Wiesendangen
8544;Zürich;Wiesendangen
8545;Zürich;Rickenbach (ZH)
8546;Thurgau;Gachnang, Wiesendangen
8547;Thurgau;Gachnang
8548;Zürich;Ellikon an der Thur
8552;Thurgau;Felben-Wellhausen
8553;Thurgau;Hüttlingen
8554;Thurgau;Wigoltingen
8555;Thurgau;Müllheim
8556;Thurgau;Wigoltingen
8558;Thurgau;Raperswilen
8560;Thurgau;Märstetten
8561;Thurgau;Märstetten
8564;Thurgau;Wäldi, Wigoltingen
8565;Thurgau;Kemmental
8566;Thurgau;Kemmental
8570;Thurgau;Weinfelden
8572;Thurgau;Berg (TG)
8573;Thurgau;Kemmental
8574;Thurgau;Lengwil
8575;Thurgau;Bürglen (TG)
8576;Thurgau;Berg (TG)
8577;Thurgau;Schönholzerswilen
8580;Thurgau;Amriswil, Hefenhofen, Sommeri
8581;Thurgau;Amriswil
8582;Thurgau;Dozwil
8583;Thurgau;Sulgen
8584;Thurgau;Bürglen (TG)
8585;Thurgau;Birwinken, Langrickenbach
8586;Thurgau;Birwinken, Erlen
8587;Thurgau;Amriswil
8588;Thurgau;Zihlschlacht-Sitterdorf
8589;Thurgau;Zihlschlacht-Sitterdorf
8590;Thurgau;Romanshorn
8592;Thurgau;Uttwil
8593;Thurgau;Kesswil
8594;Thurgau;Güttingen
8595;Thurgau;Altnau
8596;Thurgau;Münsterlingen
8597;Thurgau;Münsterlingen
8598;Thurgau;Bottighofen
8599;Thurgau;Salmsach
8600;Zürich;Dübendorf
8602;Zürich;Wangen-Brüttisellen
8603;Zürich;Schwerzenbach
8604;Zürich;Volketswil
8605;Zürich;Volketswil
8606;Zürich;Greifensee, Uster
8607;Zürich;Seegräben
8608;Zürich;Bubikon
8610;Zürich;Uster
8614;Zürich;Gossau (ZH), Uster
8615;Zürich;Uster
8616;Zürich;Uster
8617;Zürich;Mönchaltorf
8618;Zürich;Oetwil am See
8620;Zürich;Wetzikon (ZH)
8623;Zürich;Wetzikon (ZH)
8624;Zürich;Gossau (ZH)
8625;Zürich;Gossau (ZH)
8626;Zürich;Gossau (ZH)
8627;Zürich;Grüningen
8630;Zürich;Rüti (ZH)
8632;Zürich;Dürnten
8633;Zürich;Bubikon
8634;Zürich;Hombrechtikon
8635;Zürich;Dürnten
8636;Zürich;Wald (ZH)
8637;Zürich;Wald (ZH)
8638;St. Gallen;Eschenbach (SG)
8640;Schwyz;Freienbach, Rapperswil-Jona
8645;St. Gallen;Rapperswil-Jona
8646;St. Gallen;Rapperswil-Jona
8700;Zürich;Küsnacht (ZH)
8702;Zürich;Zollikon
8703;Zürich;Erlenbach (ZH)
8704;Zürich;Herrliberg
8706;Zürich;Meilen
8707;Zürich;Uetikon am See
8708;Zürich;Männedorf
8712;Zürich;Stäfa
8713;Zürich;Stäfa
8714;Zürich;Hombrechtikon
8715;St. Gallen;Rapperswil-Jona
8716;St. Gallen;Schmerikon
8717;St. Gallen;Benken (SG)
8718;St. Gallen;Schänis
8722;St. Gallen;Kaltbrunn
8723;St. Gallen;Schänis
8725;St. Gallen;Gommiswald
8726;St. Gallen;Wattwil
8727;St. Gallen;Eschenbach (SG)
8730;St. Gallen;Uznach
8732;St. Gallen;Eschenbach (SG)
8733;St. Gallen;Eschenbach (SG)
8734;St. Gallen;Eschenbach (SG)
8735;St. Gallen;Eschenbach (SG)
8737;St. Gallen;Gommiswald
8738;St. Gallen;Gommiswald
8739;St. Gallen;Gommiswald
8750;Glarus;Glarus
8751;Uri;Spiringen
8752;Glarus;Glarus Nord
8753;Glarus;Glarus Nord
8754;Glarus;Glarus
8755;Glarus;Glarus
8756;Glarus;Glarus Süd
8757;Glarus;Glarus Nord
8758;Glarus;Glarus Nord
8762;Glarus;Glarus Süd
8765;Glarus;Glarus Süd
8766;Glarus;Glarus Süd
8767;Glarus;Glarus Süd
8772;Glarus;Glarus Süd
8773;Glarus;Glarus Süd
8774;Glarus;Glarus Süd
8775;Glarus;Glarus Süd
8777;Glarus;Glarus Süd
8782;Glarus;Glarus Süd
8783;Glarus;Glarus Süd
8784;Glarus;Glarus Süd
8800;Zürich;Thalwil
8802;Zürich;Kilchberg (ZH)
8803;Zürich;Rüschlikon
8804;Zürich;Wädenswil
8805;Zürich;Richterswil
8806;Schwyz;Freienbach
8807;Schwyz;Freienbach
8808;Schwyz;Freienbach
8810;Zürich;Horgen
8815;Zürich;Horgen
8816;Zürich;Hirzel
8820;Zürich;Wädenswil
8824;Zürich;Schönenberg (ZH)
8825;Zürich;Hütten
8832;Schwyz;Freienbach, Wollerau
8833;Zürich;Richterswil
8834;Schwyz;Feusisberg
8835;Schwyz;Feusisberg
8836;Schwyz;Einsiedeln
8840;Schwyz;Einsiedeln
8841;Schwyz;Einsiedeln
8842;Schwyz;Unteriberg
8843;Schwyz;Oberiberg
8844;Schwyz;Einsiedeln
8845;Schwyz;Unteriberg
8846;Schwyz;Einsiedeln
8847;Schwyz;Einsiedeln
8849;Schwyz;Alpthal
8852;Schwyz;Altendorf
8853;Schwyz;Lachen
8854;Schwyz;Galgenen, Schübelbach
8855;Schwyz;Wangen (SZ)
8856;Schwyz;Tuggen
8857;Schwyz;Vorderthal
8858;Schwyz;Innerthal
8862;Schwyz;Schübelbach
8863;Schwyz;Schübelbach
8864;Schwyz;Reichenburg
8865;Glarus;Glarus Nord
8866;Glarus;Glarus Nord
8867;Glarus;Glarus Nord
8868;Glarus;Glarus Nord
8872;St. Gallen;Weesen
8873;St. Gallen;Amden
8874;Glarus;Glarus Nord
8877;St. Gallen;Quarten
8878;St. Gallen;Quarten
8880;St. Gallen;Walenstadt
8881;St. Gallen;Walenstadt
8882;St. Gallen;Quarten
8883;St. Gallen;Quarten
8884;St. Gallen;Quarten
8885;St. Gallen;Quarten
8886;St. Gallen;Mels
8887;St. Gallen;Mels
8888;St. Gallen;Mels
8889;St. Gallen;Mels
8890;St. Gallen;Flums
8892;St. Gallen;Walenstadt
8893;St. Gallen;Flums
8894;St. Gallen;Flums
8895;St. Gallen;Flums
8896;St. Gallen;Flums
8897;St. Gallen;Flums
8898;St. Gallen;Flums
8902;Zürich;Urdorf
8903;Zürich;Birmensdorf (ZH)
8904;Zürich;Aesch (ZH)
8905;Aargau;Arni (AG), Islisberg
8906;Zürich;Bonstetten
8907;Zürich;Wettswil am Albis
8908;Zürich;Hedingen
8909;Zürich;Affoltern am Albis
8910;Zürich;Affoltern am Albis
8911;Zürich;Rifferswil
8912;Zürich;Obfelden
8913;Zürich;Ottenbach
8914;Zürich;Aeugst am Albis
8915;Zürich;Hausen am Albis
8916;Aargau;Jonen
8917;Aargau;Oberlunkhofen
8918;Aargau;Unterlunkhofen
8919;Aargau;Rottenschwil
8925;Zürich;Hausen am Albis
8926;Zürich;Kappel am Albis
8932;Zürich;Mettmenstetten
8933;Zürich;Maschwanden
8934;Zürich;Knonau
8942;Zürich;Oberrieden
8951;Zürich;Weiningen (ZH)
8952;Zürich;Schlieren
8953;Zürich;Dietikon
8954;Zürich;Geroldswil
8955;Zürich;Oetwil an der Limmat
8956;Aargau;Killwangen
8957;Aargau;Spreitenbach
8962;Aargau;Bergdietikon
8964;Aargau;Rudolfstetten-Friedlisberg
8965;Aargau;Berikon
8966;Aargau;Oberwil-Lieli
8967;Aargau;Widen
9000;St. Gallen;St. Gallen
9008;St. Gallen;St. Gallen
9010;St. Gallen;St. Gallen
9011;St. Gallen;St. Gallen
9012;St. Gallen;St. Gallen
9014;St. Gallen;St. Gallen
9015;St. Gallen;St. Gallen
9016;St. Gallen;St. Gallen
9030;St. Gallen;Gaiserwald
9032;St. Gallen;Gaiserwald
9033;St. Gallen;Untereggen
9034;St. Gallen;Eggersriet
9035;Appenzell Ausserrhoden;Grub (AR)
9036;St. Gallen;Eggersriet
9037;Appenzell Ausserrhoden;Speicher
9038;Appenzell Ausserrhoden;Rehetobel
9042;Appenzell Ausserrhoden;Speicher
9043;Appenzell Ausserrhoden;Trogen
9044;Appenzell Ausserrhoden;Wald (AR)
9050;Appenzell Innerrhoden;Appenzell, Rüte, Schlatt-Haslen
9052;Appenzell Ausserrhoden;Teufen (AR)
9053;Appenzell Ausserrhoden;Teufen (AR)
9054;Appenzell Innerrhoden;Schlatt-Haslen
9055;Appenzell Ausserrhoden;Bühler
9056;Appenzell Ausserrhoden;Gais
9057;Appenzell Innerrhoden;Schwende
9058;Appenzell Innerrhoden;Rüte
9062;Appenzell Ausserrhoden;Teufen (AR)
9063;Appenzell Ausserrhoden;Stein (AR)
9064;Appenzell Ausserrhoden;Hundwil
9100;Appenzell Ausserrhoden;Herisau
9103;Appenzell Ausserrhoden;Schwellbrunn
9104;Appenzell Ausserrhoden;Waldstatt
9105;Appenzell Ausserrhoden;Schönengrund
9107;Appenzell Ausserrhoden;Urnäsch
9108;Appenzell Innerrhoden;Gonten
9112;Appenzell Ausserrhoden;Herisau
9113;St. Gallen;Degersheim
9114;St. Gallen;Neckertal
9115;St. Gallen;Neckertal
9116;St. Gallen;Degersheim
9122;St. Gallen;Neckertal
9123;St. Gallen;Neckertal
9125;St. Gallen;Neckertal
9126;St. Gallen;Oberhelfenschwil
9127;St. Gallen;Neckertal
9200;St. Gallen;Gossau (SG)
9203;St. Gallen;Oberbüren
9204;St. Gallen;Andwil (SG)
9205;St. Gallen;Waldkirch
9212;St. Gallen;Gossau (SG)
9213;Thurgau;Hauptwil-Gottshaus
9214;Thurgau;Kradolf-Schönenberg
9215;Thurgau;Kradolf-Schönenberg
9216;Thurgau;Hohentannen
9217;Thurgau;Kradolf-Schönenberg
9220;Thurgau;Bischofszell
9223;Thurgau;Bischofszell
9225;Thurgau;Hauptwil-Gottshaus
9230;St. Gallen;Flawil
9231;St. Gallen;Flawil
9240;St. Gallen;Oberuzwil, Uzwil
9242;St. Gallen;Oberuzwil
9243;St. Gallen;Jonschwil
9244;St. Gallen;Uzwil
9245;St. Gallen;Oberbüren
9246;St. Gallen;Niederbüren
9247;St. Gallen;Uzwil
9248;St. Gallen;Oberuzwil
9249;St. Gallen;Uzwil
9300;St. Gallen;Wittenbach
9304;St. Gallen;Waldkirch
9305;St. Gallen;Berg (SG)
9306;Thurgau;Roggwil (TG)
9308;St. Gallen;Häggenschwil
9312;St. Gallen;Häggenschwil
9313;St. Gallen;Muolen
9314;Thurgau;Egnach
9315;Thurgau;Egnach
9320;Thurgau;Arbon
9322;Thurgau;Egnach
9323;St. Gallen;Steinach
9325;Thurgau;Roggwil (TG)
9326;Thurgau;Horn
9327;St. Gallen;Tübach
9400;St. Gallen;Rorschach
9402;St. Gallen;Mörschwil
9403;St. Gallen;Goldach
9404;St. Gallen;Rorschacherberg
9405;Appenzell Ausserrhoden;Lutzenberg
9410;Appenzell Ausserrhoden;Heiden
9411;St. Gallen;Berneck, Reute (AR)
9413;Appenzell Innerrhoden;Oberegg
9422;St. Gallen;Thal
9423;St. Gallen;Thal
9424;St. Gallen;Rheineck
9425;St. Gallen;Thal
9426;Appenzell Ausserrhoden;Lutzenberg
9427;Appenzell Ausserrhoden;Wolfhalden
9428;Appenzell Ausserrhoden;Walzenhausen
9430;St. Gallen;St. Margrethen
9434;St. Gallen;Au (SG)
9435;St. Gallen;Au (SG)
9436;St. Gallen;Balgach
9437;St. Gallen;Marbach (SG)
9442;St. Gallen;Berneck, Oberegg
9443;St. Gallen;Widnau
9444;St. Gallen;Diepoldsau
9445;St. Gallen;Rebstein
9450;St. Gallen;Altstätten
9451;St. Gallen;Oberriet (SG)
9452;St. Gallen;Altstätten
9453;St. Gallen;Eichberg
9462;St. Gallen;Oberriet (SG)
9463;St. Gallen;Oberriet (SG)
9464;St. Gallen;Altstätten, Rüthi (SG)
9465;St. Gallen;Sennwald
9466;St. Gallen;Sennwald
9467;St. Gallen;Sennwald
9468;St. Gallen;Sennwald
9469;St. Gallen;Sennwald
9470;St. Gallen;Buchs (SG), Grabs
9472;St. Gallen;Grabs
9473;St. Gallen;Gams
9475;St. Gallen;Sevelen
9476;St. Gallen;Wartau
9477;St. Gallen;Wartau
9478;St. Gallen;Wartau
9479;St. Gallen;Wartau
9485;Lichtenstein;Eschen
9486;Lichtenstein;Mauren
9487;Lichtenstein;Gamprin
9488;Lichtenstein;Schellenberg
9490;Lichtenstein;Vaduz
9491;Lichtenstein;Ruggell
9492;Lichtenstein;Eschen
9493;Lichtenstein;Mauren
9494;Lichtenstein;Schaan
9495;Lichtenstein;Triesen
9496;Lichtenstein;Balzers
9497;Lichtenstein;Triesenberg
9498;Lichtenstein;Planken
9500;St. Gallen;Kirchberg (SG), Wil (SG)
9502;Thurgau;Braunau
9503;Thurgau;Bussnang
9504;Thurgau;Bussnang
9506;Thurgau;Lommis
9507;Thurgau;Stettfurt
9508;Thurgau;Lommis
9512;St. Gallen;Wil (SG)
9514;Thurgau;Wuppenau
9515;Thurgau;Wuppenau
9517;Thurgau;Bussnang
9523;St. Gallen;Zuzwil (SG)
9524;St. Gallen;Zuzwil (SG)
9525;St. Gallen;Niederhelfenschwil
9526;St. Gallen;Niederhelfenschwil
9527;St. Gallen;Niederhelfenschwil
9532;St. Gallen;Jonschwil, Rickenbach (TG)
9533;St. Gallen;Kirchberg (SG)
9534;St. Gallen;Kirchberg (SG)
9535;Thurgau;Wilen (TG)
9536;St. Gallen;Jonschwil
9542;Thurgau;Münchwilen (TG)
9543;Thurgau;Münchwilen (TG)
9545;Thurgau;Wängi
9546;Thurgau;Wängi
9547;Thurgau;Aadorf
9548;Thurgau;Matzingen
9552;St. Gallen;Wil (SG)
9553;Thurgau;Bettwiesen
9554;Thurgau;Tobel-Tägerschen
9555;Thurgau;Tobel-Tägerschen
9556;Thurgau;Affeltrangen
9562;Thurgau;Affeltrangen
9565;Thurgau;Bussnang
9573;Thurgau;Sirnach
9601;St. Gallen;Lütisburg
9602;St. Gallen;Kirchberg (SG)
9604;St. Gallen;Lütisburg, Jonschwil
9606;St. Gallen;Bütschwil-Ganterschwil
9607;St. Gallen;Mosnang
9608;St. Gallen;Bütschwil-Ganterschwil
9612;St. Gallen;Mosnang
9613;St. Gallen;Mosnang
9614;St. Gallen;Mosnang
9615;St. Gallen;Bütschwil-Ganterschwil
9620;St. Gallen;Lichtensteig
9621;St. Gallen;Oberhelfenschwil
9622;St. Gallen;Wattwil
9630;St. Gallen;Wattwil
9631;St. Gallen;Wattwil
9633;St. Gallen;Hemberg
9642;St. Gallen;Ebnat-Kappel
9643;St. Gallen;Nesslau
9650;St. Gallen;Nesslau
9651;St. Gallen;Nesslau
9652;St. Gallen;Nesslau
9655;St. Gallen;Nesslau
9656;St. Gallen;Wildhaus-Alt St. Johann
9657;St. Gallen;Wildhaus-Alt St. Johann
9658;St. Gallen;Wildhaus-Alt St. Johann
9999;Bern;Bielersee (BE), Brienzersee, Thunersee
